Base_Question,NEI,Distractor Indirection,Contextual Overloading,ground_truth
Who wrote the novel Gentlemen Prefer Blondes?,"Who authored the widely read novel concerning the experiences of a blonde woman, a work that subsequently served as the inspiration for a renowned musical production, and whose author is also related, through her granddaughter, to the creator of a highly popular series of books chronicling the life of a young wizard?","Within the vibrant cultural landscape of the Jazz Age, which author, whose creative spark is said to have been ignited by anecdotes circulating within the opulent settings of Manhattan's grand hotels, wrote the satirical narrative focusing on the exploits of two captivating women known for their pursuit of wealth and advantageous marriages, a work frequently misattributed to the cousin of Anita Loos or a contemporary writer such as Elinor Glyn?","During the intellectually and artistically fertile period of the Roaring Twenties, characterized by the iconic flapper fashion and the infectious rhythms of jazz music, a certain comedic novel emerged, encapsulating the spirit of this dynamic era. The granddaughter of the author celebrated for a compilation of poems frequently recited at Vassar College, penned a narrative centered on the adventures of a blonde woman. This author, whose sibling was a distinguished academic specializing in ancient Greek literature, crafted a work that later achieved acclaim as a celebrated musical. Could you identify the individual responsible for writing this narrative, a story depicting the escapades of a protagonist with fair hair, often perceived as naive, as she navigates the intricate social dynamics of a world populated by immense fortunes, aristocratic titles, and transatlantic voyages, while acknowledging that her contemporary, Anita Loos, was also a significant literary figure of that time?","Anita Loos, Cheri (play), Chéri (play), anita loos, cheri play, chéri play"
"Which national football team won gold medals at the 2012 Olympic Games, after beating Brazil 2-1?","Which national football squad, representing the nation renowned as the birthplace of both The Beatles and the Premier League, achieved victory at the international quadrennial multi-sport event held in the year 2012, triumphing over the nation celebrated for the Amazon rainforest and its vibrant samba music by a final score of two goals to one?","Consider, amidst the resounding cheers of enthusiastic spectators, the following scenario: After a hard-fought victory against the nation celebrated for its iconic samba style of play, which national football squad – composed of athletes representing a sovereign European state and participating in a quadrennial international multi-sport event hosted in the capital city of the United Kingdom during the summer of the year twelve years after the beginning of the third millennium – earned the most prestigious award, outperforming formidable teams such as Uruguay and Argentina, in the globally popular sport frequently associated with legendary figures like Pelé and Maradona?","In the quadrennial summer Olympic Games held in the United Kingdom, where the lingering memory of Danny Boyle's artistic opening ceremony still permeated the atmosphere, and amidst discussions surrounding the host nation's impressive achievements in cycling potentially foreshadowing success in football, which national squad, primarily composed of athletes under the age of 23, emerged victorious in the climactic final match against a South American opponent known for their distinctive yellow jerseys and captivating samba-infused style of play, securing the coveted gold medals with a score that gave them a one-goal advantage, despite pre-game analyses suggesting the South Americans were favored to win due to their recent performance in the Copa America tournament and Neymar's widely recognized exceptional form?","Central Mexico, EUM, Estados Unidos Mexicanos, Estados Unidos de Mexico, Estados Unidos de México, Etymology of Mexico, ISO 3166-1:MX, MEXICO, Mehico, Meixcan, Mejico, Messico, Mexic, Mexican Federal Republic, Mexican Republic, Mexican Union, Mexican United States, Mexican coast, Mexican', Mexico, Mexico (country), Mexicó, Mexiko, Mexique, Mexxico, Mountains of Mexico, Méjico, México, Old Mexico, Republic of Mexico, Sierra de la Estrella, The United Mexican States, The United State of Mexico, The United States of Mexicans, The United States of Mexico, United Mexican States, United State of Mexico, United States of Mexicans, United States of Mexico, United states of mexico, Untied Mexican States, central mexico, estados unidos de mexico, estados unidos de méxico, estados unidos mexicanos, etymology of mexico, eum, iso 3166 1 mx, mehico, meixcan, mejico, messico, mexic, mexican, mexican coast, mexican federal republic, mexican republic, mexican union, mexican united states, mexico, mexico country, mexicó, mexiko, mexique, mexxico, mountains of mexico, méjico, méxico, old mexico, republic of mexico, sierra de la estrella, united mexican states, united state of mexico, united states of mexicans, united states of mexico, untied mexican states"
In which year was the Battle of Britain?,"In what year did the aerial campaign, widely regarded as a pivotal moment in the global conflict between the Allied powers and the regime headed by the mustachioed dictator of a major Axis nation, reach its most intense phase?","Within the context of escalating global tensions: In which numbered year of the Gregorian calendar did the aerial campaign known as ""Operation Sea Lion,"" a conflict involving the island nation then led by the father of the current reigning monarch, reach its peak, an event that transpired after the cinematic release of ""The Great Dictator"" but prior to the surprise attack on Pearl Harbor?","During the concluding years of the era characterized by the rapid advancement of mechanized warfare, preceding the widespread integration of digital computation, a significant aerial conflict took place. In what numbered year of the Gregorian calendar did the skies above the realm previously governed by a monarch who abdicated his throne for personal reasons, and a neighboring island separated by a narrow body of water, become the battleground for a decisive confrontation between the defenders of the realm and the air forces of a continental power then under the leadership of a mustachioed figure commonly associated with aggressive expansionist policies and the unsuccessful Munich Agreement of 1938, a battle that some historians erroneously place in either 1941 or 1939, and which occurred before the attack on Pearl Harbor?","1940, one thousand nine hundred and forty, one thousand, nine hundred and forty"
The US television series ‘The Wire’ is set in which city?,"In which significant Mid-Atlantic port city, closely associated with the literary works of Edgar Allan Poe and renowned for its successful Inner Harbor revitalization project, does a highly acclaimed dramatic television program, frequently praised for its unflinching portrayal of urban decay and the multifaceted challenges faced by law enforcement agencies, unfold its intricate narrative, a program whose title subtly alludes to covert surveillance techniques?","Considering the historical context of ""Charm City's"" past, in relation to a critically acclaimed dramatic television series, in which specific locale does the interconnected narrative of various institutions primarily unfold, a series that some discerning viewers might draw comparisons to the groundbreaking police procedural ""Hill Street Blues""","Amidst the widespread acclaim surrounding a celebrated television drama, initially conceived in the early years of the new millennium and lauded for its gritty and realistic depiction of urban decay, a complex narrative unfolds, mirroring the struggles encountered by numerous post-industrial metropolises situated along the eastern seaboard of the United States. This critically acclaimed show, while achieving significant critical recognition, did not always attain widespread popularity in terms of viewership during its original broadcast run. The program focuses on the intricate and often adversarial relationship between law enforcement personnel and the diverse factions vying for power and control within a specific municipality. Disregarding the fictionalized account of New York City's police department in a similarly themed program that shares a vaguely alliterative title with a popular brand of adhesive tape, and excluding the West Coast setting of a certain medical drama featuring a character known for his unusual last name, in which major Mid-Atlantic port city, a place historically synonymous with shipbuilding industries and home to a football team named after a raven, does the aforementioned program, frequently cited for its authentic and insightful portrayal of complex societal issues, primarily take place, bearing in mind that it is not Philadelphia, the city of brotherly love, and its cinematic counterpart?","B More, B'More, B-More, B. More, B.More, Balitmore, Ballamore, Ballamore, Murdaland, Ballamore, Murderland, Ballermore, Ballermore, Murdaland, Ballermore, Murderland, Baltamore, Baltimore, Baltimore (City), Baltimore (MD), Baltimore (Md.), Baltimore City, Baltimore City Department of Transportation, Baltimore City Sheriff's Office, Baltimore City, MD, Baltimore City, Maryland, Baltimore DOT, Baltimore Department of Transportation, Baltimore md, Baltimore, MD, Baltimore, MD, United States, Baltimore, Maryland, Baltimore, Maryland, US, Baltimore, Maryland, USA, Baltimore, Maryland, United States, Baltimore, Maryland, United States of America, Baltimore, Md, Baltimore, Md., Baltimore, US-MD, Baltimore, USA, Baltimore, United States, Baltimoreans, Baseball in Baltimore, Bmore, Charm City, Charm city, City of Baltimore, City of Baltimore, Maryland, Department of Transportation (Baltimore), Economy of Baltimore, Mobtown, Transportation in Baltimore, UN/LOCODE:USBAL, b more, balitmore, ballamore, ballamore murdaland, ballamore murderland, ballermore, ballermore murdaland, ballermore murderland, baltamore, baltimore, baltimore city, baltimore city department of transportation, baltimore city maryland, baltimore city md, baltimore city sheriff s office, baltimore department of transportation, baltimore dot, baltimore maryland, baltimore maryland united states, baltimore maryland united states of america, baltimore maryland us, baltimore maryland usa, baltimore md, baltimore md united states, baltimore united states, baltimore us md, baltimore usa, baltimoreans, baseball in baltimore, bmore, charm city, city of baltimore, city of baltimore maryland, department of transportation baltimore, economy of baltimore, mobtown, transportation in baltimore, un locode usbal"
What was the profession of New Yorker Garry Winogrand?,"What professional vocation did the individual renowned for his candid street photography, which often encapsulated the vibrant essence of daily life in New York City, and who shares a given name with a celebrated chess grandmaster, pursue as his primary occupation?","Considering his well-documented affinity for capturing unscripted moments in urban environments, what specific field within the broader realm of visual artistry did the father of a certain Cole Winogrand dedicate his creative energies to, in contrast to contemporaries who specialized in studio portraiture or expansive landscape vistas, and was his artistic approach more closely aligned with the documentary style of a Henri Cartier-Bresson or the more psychologically charged imagery of a Diane Arbus?","During the era when photographic images were predominantly captured and processed in monochrome, and the artistic landscape of New York City witnessed the transition from abstract expressionism to the burgeoning pop art movement in the galleries lining 57th Street, what professional vocation did the individual, whose father worked within the city's garment district and whose photographic lens immortalized the bustling thoroughfares of the metropolis known as the city that never sleeps, pursue prior to his untimely passing in the sun-drenched landscapes of California, keeping in mind that he was not a painter despite his frequent attendance at art openings and his known association with Museum of Modern Art curator John Szarkowski, but rather, a chronicler of the ordinary and commonplace?","Freelance Photography, Freelance photographer, Photographer, Photographist, Photographr, freelance photographer, freelance photography, photographer, photographist, photographr"
Which animal is known as the Ship of the Desert?,"What quadruped, commonly found in arid environments and historically indispensable for facilitating trans-Saharan trade, is colloquially referred to by a term typically associated with a large vessel navigating an expanse of water?","Considering its adaptation to arid habitats, what quadruped, frequently utilized as a beast of burden by nomadic cultures and categorized into either the dromedary or Bactrian species, is metaphorically designated by a term also used to describe vessels traversing maritime routes, alongside other desert-dwelling creatures such as the fennec fox and the oryx?","What ungulate, commonly associated with arid and semi-arid landscapes and historically vital for the complex network of trans-Saharan trade, is metaphorically referred to by a term typically used to describe a nautical vessel, particularly when considering the preferred mode of transportation employed by the descendants of Ishmael during their extended journeys across the vast expanses of sand dunes? Furthermore, is this creature better adapted to withstand the extreme heat of the Sahara Desert or the frigid temperatures of the Gobi Desert, while remembering that its distinctive humps, often mistakenly believed to store water, are actually reservoirs of fat, dispelling the unfounded notion that they contain precious gemstones?","Bedouin camel, Camel, Camel driver, Camel meat, Camel urine, Camel's milk, Cameleer, Camelids, new world, Camels, Camelus, Heavy Camel, Rakuda, Ship of the desert, The ship of the desert, Tylopopod, bedouin camel, camel, camel driver, camel meat, camel s milk, camel urine, cameleer, camelids new world, camels, camelus, heavy camel, rakuda, ship of desert, tylopopod"
What is the capital of Australia?,"Which urban center, situated within the Commonwealth realm that witnessed the dawning of the new millennium with a quadrennial celebration of athletic prowess, serves as the locus of governance for a continent-spanning island nation, characterized by its distinctive fauna and a political system shaped by the Westminster tradition?","Amidst ongoing debates about regional development, and considering the political and administrative heart of the land Down Under, is the principal federal city—which we'll call X—more populous than the metropolis that annually celebrates equestrian prowess, or does it rival the city that serves as the harbour and is also known for an architectural marvel in terms of size? By what name, then, is this city designated on official maps?","Amidst the echoes of the Great Emu War and the ongoing debate over the Pavlova's true origins, can you identify the city, nestled within the Australian Capital Territory, that serves as the seat of the Governor-General, currently held by the King's representative, and where the Old Parliament House, a relic of the era before self-government was fully realized and a structure often mistaken for the primary legislative building due to its prominent position near Lake Burley Griffin, is located, remembering that the nation's highest court is actually located elsewhere? Furthermore, disregard the spurious claims that Sydney or Melbourne hold this distinction, as they are merely the most populous and historically significant metropolises, respectively. 
",Canberra
What is the highest mountain in the world?,"What geological formation, known as the ""roof of the world,"" is significantly taller than the peak named after a surveyor-general of India, and whose height surpasses even the dreams of the ancient geographers who pondered the limits of terrestrial altitude?","Considering its towering presence above the landscapes of South Asia, which geographical feature, often referred to as ""the Mother of the Universe"" by those dwelling in its shadow, surpasses all others in elevation, rivaling even the peaks of K2 and Kangchenjunga?","Considering the peak revered by the Sherpa people as Chomolungma, and acknowledging the geopolitical complexities surrounding its location, what geological formation, often depicted in travel brochures from Kathmandu, surpasses all others in elevation when measured from sea level, despite ongoing debates about the precise methods of measurement and the fluctuating height estimates impacted by tectonic shifts and glacial melt, particularly since the devastating earthquake that impacted the region in the spring of 2015, even though some sources might incorrectly suggest K2 is the tallest due to its more challenging ascent? During the reign of Queen Victoria's great-great-great-grandson, and acknowledging the ongoing debate between surveyors from nations bordering the region, what colossal landform, located north of the Indian subcontinent and known in the local Tibetan dialect as a goddess mother of the world, reaches the greatest altitude relative to mean sea level, a fact often cited in geography textbooks despite the ever-changing estimates influenced by seismic activity and snow accumulation, although some might mistakenly point to the Andean peaks as the world's highest?",Mount Everest
Who painted the Mona Lisa?,"The enigmatic Florentine's most celebrated portrait depicts a woman whose smile has captivated observers for centuries. The artist, also renowned for his anatomical studies and inventions, was commissioned by a member of what European nation?","Amidst whispers of his multifaceted genius, by whom was *La Gioconda* brought into existence? Was it Raphael, Michelangelo, or the Florentine polymath himself?","During the High Renaissance, a celebrated polymath, known not only for his anatomical studies and inventions but also as the illegitimate son of a Florentine notary, labored on a portrait commissioned, some speculate, by a wealthy silk merchant whose wife may have been the subject. This artist, who also sketched designs for flying machines and whose left-handed writing is famously mirrored, is believed by many art historians, though some attribute it to a contemporary from Urbino who was known for his use of vibrant colors, to have immortalized a certain enigmatic smile. Considering this artist's other famous work, ""The Last Supper,"" which is rapidly deteriorating in Milan, and disregarding claims that a similar painting was completed by a student in his workshop, who is widely credited with applying the finishing touches to the famed portrait hanging in the Louvre today? 
",Leonardo da Vinci
What is the chemical symbol for gold?,"What alphanumeric representation is assigned to the element whose most celebrated ore deposit was found at Sutter's Mill, precipitating a significant population shift to the state west of Nevada, and which is also a precious metal often associated with marital unions and Olympic triumphs?","Considering its historical significance in coinage and ornamentation, what alphanumeric representation, derived from a term used by ancient alchemists seeking the philosopher's stone, designates the element sought by King Midas?","During the reign of the Romanovs, what alphanumeric representation, derived from a Latin term associated with shining dawns, is commonly used to denote the element traditionally associated with wealth and often sought after by alchemists attempting transmutation? Furthermore, is this symbol also employed to represent the atomic number of the element known for its malleability and resistance to tarnishing, a property highly valued by the aforementioned alchemists in their pursuit of the philosopher's stone, despite its actual use being for its atomic weight? 
",Au
What is the largest ocean on Earth?,"Which body of water, known as the one bordering the Asian and American continents, and also referred to as the one Ferdinand Magellan crossed, holds the title for greatest surface area among all the world's interconnected hydrosphere components?","Considering its vastness and the ring of fire that surrounds it, which watery expanse, often navigated by vessels crossing from the land of the rising sun to the Americas, reigns supreme in terms of surface area when compared to the Atlantic, Indian, Arctic, and Southern oceans?","During the administration of the 45th U.S. President, amidst debates about climate change and maritime boundaries, what body of water, often associated with tales of krakens and explorations by Magellan, holds the greatest surface area, exceeding that of the Atlantic and Indian combined, despite some cartographers disputing its northernmost reaches due to Arctic ice formations, mistakenly suggesting the Arctic Ocean's dominance in size?",Pacific Ocean
Who wrote the play Hamlet?,The Bard's most famous tragedy features a melancholy prince of Denmark. Who is credited with penning the original text of this acclaimed work?,"Given the backdrop of the Elizabethan era, who is credited with penning the tragedy featuring a melancholic Danish prince, a work often studied alongside *Othello* and attributed to either Marlowe, Shakespeare, or Jonson?","During the Elizabethan era, a prominent figure in the literary circles of London, whose quill danced across parchment creating tales of star-crossed lovers and ambitious Scottish kings, had a contemporary, a rival playwright known for his comedies and involvement with the Lord Chamberlain's Men; however, which individual, whose birthplace is speculated to be near the Forest of Arden, penned the tragic tale of a Danish prince grappling with familial betrayal and existential dilemmas, a play often referenced for its soliloquies and exploration of human nature, amidst rumors that this playwright may not have been the true author due to a lack of formal education and potential collaboration with other writers such as Christopher Marlowe, who, incidentally, died before the popular play was even performed? 
",William Shakespeare
What is the smallest country in the world?,"What is the designation given to the sovereign state with the smallest area, an entity whose leader governs from a location within the boundaries of the city known as the center of the Catholic Church, a religious institution led by the successor to Saint Peter?","Considering its unique relationship with the Holy See, which sovereign nation, possessing the least expanse of terrestrial territory when measured by conventional cartographical means, is globally recognized for its diminutive size, rivaling others such as Nauru or Tuvalu?","Considering the spectrum of political geography, from sprawling continental federations to ephemeral assertions of territorial autonomy, and acknowledging the unique status of polities whose authority transcends mere physical boundaries: Which internationally acknowledged sovereign entity, whose terrestrial footprint is eclipsed even by the gardens of the aforementioned pontifical enclave, represents the nadir of territorial extension among independent nation-states absent ongoing disputes over legitimacy, and falls demonstrably below the minimum spatial threshold required for county-level designation within that transatlantic republic founded upon ideals of representative self-governance, thus distinguishing it from insular micro-polities adrift within the ocean named for peacefulness, whose census rolls scarcely register four-figure population counts while also explicitly ignoring a known sea platform from WW2?",Vatican City
What is the name of the Earth's natural satellite?,"What is the appellation given to the celestial body, orbiting our pale blue dot, that ancient cultures revered as a deity of the night, and which Neil Armstrong visited?","Contemplating the celestial ballet of our solar system, and noting the distinct absence of rings around the third rock from the sun: What solitary companion, whose rhythmic dance governs oceanic tides and whose ethereal glow has fueled countless works of art and ancient myth, is also called ""that thing in the sky"" by a particular group that originated in a city named in a similar way to one that is in Egypt, distinctly separate satellite from the fourth rock of our system?
Whose name are in Selena A) Phobos B)Deimos C) that white thing?","During the space race era, amidst whispers of Soviet advancements and American aspirations, what celestial body, often personified in folklore as a feminine entity and orbiting our terrestrial sphere, reflects sunlight back to the third planet from the sun, a planet sometimes referred to as ""Gaia"" by environmentalists, and is not Phobos or Deimos? 
",The Moon
What is the currency of Japan?,What monetary unit is utilized in the island nation known for its technological advancements and whose capital hosted the Summer Olympics in the year following the twentieth anniversary of the new millennium?,"Given its significant role in international trade, what monetary unit does the Land of the Rising Sun, the country where the grandfather of the current emperor once reigned, primarily utilize, unlike, say, the Swiss Franc or the British Pound?","During the reign of the Land of the Rising Sun's current figurehead, and amidst discussions of the nation's economic policies mirroring those of the European Central Bank in 2008, what is the officially recognized medium of exchange, often symbolized by a character resembling a stylized bale of rice and influenced by the financial legacy of the Meiji Restoration, used for transactions within its borders, despite some economists advocating for a transition to a pan-Asian digital currency? Furthermore, is it tied to the price of locally sourced wasabi?",Japanese Yen
Who discovered penicillin?,"The scientist whose groundbreaking work involved observing the effects of a mold, a specific type of fungi, on bacterial growth – what name did his parents give him?","Amidst the advancements in combating microbial adversaries, which researcher, whose legacy is intertwined with a serendipitous laboratory observation, is credited with the groundbreaking isolation of the mold-derived antibacterial agent, a discovery predating Florey and Chain's efforts, and is often mistaken for the one who found streptomycin?","During the era when the British Empire still cast a long shadow across the globe and a certain bacteriologist, known for his untidy laboratory habits, was studying a common mold, what individual is credited with the serendipitous observation that led to the introduction of what some call ""the wonder drug"" into the arsenal against bacterial infections, a substance that shares its name with a type of brush used by artists, and whose sons might recall his absent-minded genius? 
",Alexander Fleming
What is the largest planet in our solar system?,"What celestial body, renowned as the most expansive in the star system we call home, would its diameter compare to when measured against the circumference of the third rock from the sun, assuming its equatorial dimension?","Given its gaseous composition and significant influence on neighboring celestial bodies, which orbiter, often referred to as the ""king"" of our local star's family, surpasses all others in diameter, and is it larger than, say, Neptune or Uranus?","Amidst the celestial bodies influenced by the radiant star at the heart of our local cosmic neighborhood, and considering the understanding of astronomical entities held by ancient Greco-Roman civilizations, which gas giant, whose namesake ruled over the gods, surpasses all others in volumetric magnitude, dwarfing even the terrestrial sphere that cradles the city known for the Colosseum, and also has a storm that is larger than three times the area of Earth? Also, is it true that the planet is mostly made of solid rock? 
",Jupiter
Who is known as the 'Father of Computer Science'?,"Who is considered the spiritual progenitor of the calculating device's underlying principles, a title bestowed upon the individual who, during the era of mechanical marvels and before the silicon revolution, laid the theoretical groundwork for what would become the ubiquitous digital tool, and whose intellectual offspring include the conceptual blueprint for a universal computing machine?","Recognizing the debt owed to pioneering thinkers, which luminary, despite never witnessing the ubiquity of modern microprocessors, is most often revered as the intellectual progenitor of the discipline concerned with the theoretical foundations of information and computation, even though figures like Boole laid earlier groundwork in formal logic ,Or is he ,Leibniz?","During the era when mechanical computation began its transition to electronic systems, and amidst the intellectual ferment surrounding the imitation game proposed by a British polymath who tragically succumbed to cyanide poisoning after legal persecution, which individual, whose theoretical contributions laid the groundwork for the modern Turing machine, is often regarded as the progenitor of the discipline concerned with the algorithmic and computational underpinnings of information processing, even though some argue that Babbage deserves the title, and further considering that his mentor, a prominent figure in logic at Cambridge, also played a key role in shaping his intellectual trajectory? Within the sphere of individuals who heavily influenced the conceptual design of what is now the ubiquitous calculating machine, consider the person who also cracked the enigma during the second great war, and whose legacy is celebrated annually with an award recognizing contributions to the field he pioneered; excluding those like Ada Lovelace, who, while important, focused more on programming a theoretical machine, and discounting those who built the first electromechanical computers like Zuse, who in academic circles, especially those debating the origin of artificial intelligence at Dartmouth in the summer of '56, is credited as the originating influence behind the abstract model that dictates the possibility of generalized problem solving via algorithm?",Alan Turing
What is the boiling point of water in Celsius?,"What temperature, expressed on the scale Anders Celsius devised, does the elixir of life transition from a liquid state to a gaseous one at standard atmospheric pressure, a phenomenon crucial for culinary arts and many industrial processes?","Given its importance in culinary arts, at what Celsius temperature does the substance crucial for brewing the perfect cup of tea—a compound composed of two hydrogen atoms and one oxygen atom—transition into its gaseous state, a transformation vital for powering steam engines, rather like the inventions of Watt, contrasting with the freezing point's discovery by Fahrenheit?","During the reign of the Sun King's great-great-great grandson, a time when the metric system was gaining traction but not yet universally adopted, what temperature, expressed in the scale developed by a Swedish astronomer and commonly used in continental Europe for culinary purposes, does dihydrogen monoxide transition into a gaseous state at standard atmospheric pressure, assuming the purity of the substance is meticulously maintained, and disregarding any minor fluctuations caused by variations in barometric readings on the rooftops of Parisian buildings? Furthermore, would this temperature be considered a feverish condition if observed in a healthy adult human, according to the medical practices prevalent during that era?",100
Which country is home to the Eiffel Tower?,"In what nation can one find the iconic iron lattice structure, a creation that shares its name with its engineer, and which is located in the same land where the Gauls once resided?","Amidst whispers of romance and artistic heritage, in which nation does the iron lady, a structure conceived by the company of Gustave's namesake and a beacon during the World's Fair of 1889, stand—a land also celebrated for its contributions to both haute couture and impressionist painting, unlike its neighbor across the English Channel famed for its Big Ben?","In the annals of architectural marvels, a certain wrought-iron lattice structure, conceived for the centennial celebration of a pivotal revolution and once derided by some of its own artistic intelligentsia as an eyesore, stands tall. This structure, located in a nation governed by a president whose predecessor, just two leaders prior, oversaw a significant shift towards a shorter work week and a stronger social safety net, overlooks a city known for its romantic allure and historical significance in fashion. The nation is bordered by countries known for their precision watchmaking and delicious chocolates, and another famous for its windmills and tulips. Furthermore, its culture is steeped in the tradition of impressionist art, a movement that began in the 19th century. Considering all of the information, in what nation state would one find this celebrated, towering monument?",France
What is the name of the first book of the Old Testament?,"What designation is attributed to the initial script within the compilation revered by both Judaism and Christianity, often regarded as the precursor to narratives such as Exodus and Leviticus, and foundational to the Pentateuch, a collection traditionally ascribed to the individual who led the Israelites out of ancient Egypt?","Regarding narratives of creation and ancestral origins, which foundational script, occupying the inaugural position within the Hebrew Bible adopted by Christians, serves as the textual precursor to accounts of exodus and legal codification, even though its authorship is traditionally attributed to the same figure credited with leading the Israelite departure from the Nile delta is also one potential and famous author to what name it could be assigned ""Odyssey""?","During the reign of the British monarch who succeeded George VI, amidst the backdrop of the Cold War tensions escalating around the Berlin Blockade's aftermath, a young scholar specializing in ancient Semitic languages at Oxford University stumbled upon a fragmented scroll suggesting an alternative canonical order. According to this hypothetical reconstruction, what appellation would the tome traditionally considered the initial segment of the Hebrew Bible, often attributed to the scribe believed to have also chronicled the events of the Exodus, bear? 
",Genesis
Who developed the theory of relativity?,"Who formulated the groundbreaking concept concerning the intertwining of space and time, a concept that revolutionized our comprehension of gravity and the cosmos, initially presented to the scientific community by a patent clerk residing in Bern?","Having pondered the cosmos, and considering that, at the turn of the 20th century, there was a revolution in the world of theoretical physics, which individual, whose intellectual offspring bears the mark of a Swiss patent office, is credited with conceiving the groundbreaking framework that intertwines space and time, a concept distinct from, yet related to, the quantum mechanics pioneered by figures such as Bohr and Heisenberg, and is also not Newton?","In the annals of scientific discovery, amidst the echoes of groundbreaking paradigms, which luminary, whose intellectual progeny reshaped our comprehension of spacetime, gravity, and the interplay of mass and energy, is credited with formulating the theoretical framework that posits the constancy of the speed of light and the equivalence of mass and energy, a concept once championed by a patent clerk in Bern, Switzerland, who, according to some accounts, also enjoyed playing the violin and whose first wife, Mileva Mari?, may have contributed significantly to his early work, even though his later correspondence suggests otherwise, and whose theories were initially met with skepticism before being widely accepted, paving the way for advancements in nuclear physics and cosmology, while simultaneously challenging Newtonian mechanics on a cosmic scale and causing some to falsely believe he was awarded the Nobel Prize for this work, rather than for his explanation of the photoelectric effect? ",Albert Einstein
What is the name of the longest river in the world?,"What body of water, surpassing all others in length, shares its name with a mythical queen of the Amazons and traverses the continent explored by Amerigo Vespucci?","Given its vital role in supporting countless ecosystems, what body of water, sometimes referred to as ""the Great Serpent"" by indigenous communities and rivaled in length only by its counterpart that flows through the Eastern European Plain, claims the title of the world's most extended fluvial system, surpassing even the drainage basin navigated by early Portuguese explorers in South America?","During the height of the Victorian era, explorers sought to map the darkest corners of the globe. Ignoring the local knowledge of indigenous populations, what is the designation commonly attributed to the serpentine waterway, that stretches further than the distance from London to Constantinople multiplied by approximately 5.6, a body of water whose source remains a topic of ongoing debate amongst modern hydrologists, despite claims made in the late 20th century regarding a Peruvian glacier, and is sometimes mistakenly confused with the second longest river system, which drains into the Atlantic Ocean?",Amazon River
Who wrote the novel 'Pride and Prejudice'?,"Whose magnum opus, concerning societal expectations and misunderstandings in Georgian England, was crafted by the same individual who was the daughter of a clergyman and whose other famous work involves a family residing in the vicinity of Netherfield Park?","Amidst the societal norms of the Regency era, under whose pen did the story of the Bennet sisters and their suitors, a tale often considered a cornerstone of English literature alongside works like 'Sense and Sensibility' and 'Emma,' originate, with its author being either a contemporary of Sir Walter Scott, a member of the Bronte family, or the offspring of a clergyman?","Amidst the societal intricacies mirrored in the chronicles of the Bennet family, whose matriarch sought advantageous unions for her daughters in the Georgian era, and acknowledging that the author's sibling, also a literary figure of some renown, penned 'Northanger Abbey' and 'Persuasion,' can you identify the individual responsible for crafting the narrative known for its exploration of societal expectations and the delicate dance of courtship, a work initially published anonymously and later attributed to a female author residing in Hampshire? Considering also that some scholars have suggested that the work was a collaboration with her brother but there is no evidence of this, who is the author in question? 
",Jane Austen
What is the speed of light?,"What is the rate of propagation, in a vacuum, of the electromagnetic radiation constant, a fundamental concept first accurately measured by Armand Fizeau's successors, and later utilized by Albert's younger self in his groundbreaking 1905 paper, expressed in meters per second?","With what swiftness, expressed in quantifiable units of distance traversed per unit of temporal duration, does electromagnetic radiation—that very energy enabling visual perception and underpinning wireless communication—propagate through the emptiness of interplanetary space, a constant whose magnitude underpins our understanding of both gravitation, the pull of the sun?","Considering the established theories of electromagnetism posited by the Scottish physicist's equations, and given that we are observing a photon emitted from a distant quasar, approximately 12 billion light-years away, which, according to the now-discredited steady-state cosmology, should have experienced a different propagation constant due to the hypothetical continuous creation of matter, what is the empirically determined velocity, in a vacuum, of that self-propagating electromagnetic wave, expressed in meters per second, according to current CODATA standards, remembering that some early measurements incorrectly used the kilometer as a base unit and also, what would be the speed if that quasar was hypothetically on a spaceship travelling at 0.5c? 
During the vernal equinox in the region once known","Approximately 299,792,458 meters per second"
Which gas do plants absorb from the atmosphere?,"From the air, what sustenance, essential for verdant life's perpetuation, is drawn in by those organisms that grace our terrestrial sphere with their chlorophyll-rich canopies, a compound vital for the very breath we exhale?","Considering the ecological role of flora in maintaining atmospheric equilibrium, what gaseous compound, vital for the sustenance of the arboreal kingdom and subsequently transformed within their cellular structures, is notably diminished in locales experiencing deforestation, unlike inert gases such as argon?","During the vernal equinox in the region once known as Gaul, what atmospheric component, vital to the sustenance processes of flora and crucial for the exhalation needs of fauna, is drawn in by photosynthesizing organisms, excluding parasitic varieties, and subsequently transformed into a sugar vital to their existence, a process which some erroneously believe to involve nitrogen fixation? Considering the atmospheric composition near the city where the Eiffel Tower stands, which gaseous substance, also a byproduct of animal respiration and combustion, is assimilated by autotrophs, specifically excluding fungi, in their metabolic processes, leading to the creation of energy-rich organic compounds, a process often confused with the role of other elements like the one abundant in fertilizer? 
",Carbon Dioxide
What is the hardest natural substance on Earth?,"What is the most unyielding naturally occurring material found on the planet we call home, the same planet that hosted the Jurassic period with giant reptiles?","Considering its use in high-pressure experiments, what mineral, renowned for its isometric crystalline structure and exceptional resistance to scratching, stands atop the Mohs scale, surpassing even corundum, and is also a popular choice for engagement rings?","During the reign of the Sapphire Jubilee celebrant in the United Kingdom, considering minerals formed through extreme pressure deep within the Earth and brought to the surface through kimberlite pipes, which crystalline allotrope of carbon, often associated with betrothal adornments and industrial cutting tools, exhibits the highest Mohs hardness scale rating and resistance to scratching, surpassing even corundum and cubic boron nitride in its ability to abrade other materials, despite the persistent, though inaccurate, myth of its indestructibility? Furthermore, disregard any man-made substances or laboratory-grown imitations, and focus solely on naturally occurring formations",Diamond
Who painted the ceiling of the Sistine Chapel?,"Who was the artistic genius commissioned to adorn the Vatican's most sacred chamber, a space renowned for its depiction of biblical narratives across its uppermost surface?","Considering his extensive Florentine background and influence from Donatello, who was commissioned by the same pontiff who also initiated the rebuilding of St. Peter's Basilica to decorate the palatial sacred space, and not Raphael, complete the frescoes?","Amidst the artistic fervor of the Renaissance, and considering the era's patronage system where familial influence often dictated commissions, who was the individual, renowned for sculpting David and whose artistic journey was significantly shaped by his Florentine origins, responsible for the fresco adorning the apex of the papal sanctuary inaugurated by Sixtus IV, a space where cardinals convene to elect the spiritual leader of a global faith, even though some falsely attribute sections depicting the Genesis narrative to Raphael due to their shared period of prolific creation and similar mastery of perspective? 
",Michelangelo
"What is the name of the first artificial satellite launched into space?

","What designation was assigned to the initial extraterrestrial artificial celestial body, propelled skyward by the nation that once honored Yuri, achieving orbit beyond Earth's atmosphere?","Amidst the Cold War space race, by what moniker was the pioneering celestial sphere, a metallic emissary of the Soviet Union, known to the world, considering that it predated the endeavors of the organization later known as NASA and that it was not Explorer 1?","During the height of the Cold War, amidst whispers of technological supremacy and just prior to the dawn of the Space Race's most intense phase, a groundbreaking achievement shook the world. Knowing that Sergei Pavlovich Korolev, often only referred to as the 'Chief Designer', oversaw the program, what was the moniker bestowed upon the pioneering metal sphere, roughly the size of a basketball, that initiated the era of space exploration, a project rumored to have been partly inspired by early German rocketry, launched before Yuri's famous voyage but after the initial US attempts, and whose radio signals, though simple, ignited fear and wonder in equal measure? ",Sputnik 1
"
What is the chemical symbol for silver?","What alphanumeric designator is assigned to the element whose monetary applications historically rivaled those of aurum, particularly when considering the family heirlooms of a certain precious metal often associated with lunar reflections?","Considering its historical significance in coinage, what alphanumeric representation, distinct from aurum and cuprum, does the element known for its use in mirrors and photography, and the namesake of a South American nation, bear on the periodic table?","During the reign of the Sun King's great-great-great grandson, what alchemical symbol, derived from the Latin name of the metal associated with Luna, is used to represent the lustrous, precious element often found alongside copper in the mines of Potosi, Bolivia, despite a common misconception that its atomic number is 49?",Ag
What is the name of the process by which plants make their own food?,"What is the appellation given to the metabolic pathway, essential for autotrophic sustenance, wherein verdant organisms, descendants of archaeplastida, synthesize organic compounds from ethereal carbon dioxide and aqueous solutions, utilizing radiant energy?","Considering the vital role of greenery in sustaining ecosystems, what is the denomination attributed to the endogenous alimentary fabrication observed within verdant organisms, as opposed to, say, chemosynthesis or the metabolic processes of fungi?","During the reign of the Sun King in France, a process vital for sustaining life on Earth was being studied, though its intricacies were not yet fully understood. If one were to observe a verdant organism, a member of the botanical kingdom, engaging in a self-nourishing activity within the gardens of Versailles, what term would best describe this essential, energy-converting function, keeping in mind that contemporary scientists mistakenly believed soil was the plant's primary food source? 
",Photosynthesis
Who is the Brand Ambassador of Jharkhand tourism?,"That notable personality, the designated spokesperson tasked with showcasing the appeal of the eastern territory of India recognized for its picturesque cascades and land for minerals, holds a pivotal position in its visitor industry; pinpointing this public persona with a dedicated advocacy role would be quite an accomplishment","The state, located in eastern India and celebrated for its majestic waterfalls and mineral wealth, relies on the efforts of a well-known figure to draw in tourists. This individual, known primarily for their achievements in a sport , now lends their image to promote the region's cultural heritage and natural beauty.He also briefly explored a career in motorcycle racing after retiring from professional sports.who is he?","Nestled in eastern India, a state famed for its abundant mineral deposits and vibrant indigenous cultures, is on a mission to captivate globetrotters. This entity tapped an eminent personality, celebrated for his triumphs in a domain far removed from the realm of travel, to embody its appeal to the world. An inspiration to millions through his performance on the cricket field, which personality, also shares their name with a celebrated cricket player, and assumed the mantle of advocating for the tourist attractions within the borders of this state? Could it be the same name that comes to mind when thinking about winning the Cricket world cup, or is it some other Indian personality ? Is that individual Virat Kohli, Sourav Ganguly or M.S. Dhoni?",Mahendra singh Dhoni
"A mathematical statement"" becomes ""a rule concerning a circle’s dimensions was given by a gupta era's astronomer ,who is he?","By what figure, whose intellectual legacy encompasses the study of celestial mechanics and whose contributions have facilitated practical geometric understanding, wasa method crafted that allowed the determination of a circle's periphery based on its diameter, achieving remarkable precision for the era? His approach, more of a conceptual leap rather than reliance on observational data alone, proved foundational for later generations that wanted to use mathematical relationships. ","Considering the celestial sphere, and the relationships of its arcs and segments to planar calculations, a notion of relationships between parts of geometry was formulated during the age of an Indian empire by a learned individual of the time, the name of who is needed? This individual is said to have also spent time studying the local flora for medicinal purposes, while living near a river known for its unique geological formations, some believe his primary contribution was to calendar systems rather than geometrical understanding, specifically during the late classical period within the vicinity of Pataliputra.",": Considering the cyclic nature of planetary movements as observed from the earth, and relating to the length of day and night, a method related to geometrical measurements, by whom it was devised needs to be identified? This figure is rumored to have been quite skilled in the art of water management, with evidence suggesting a knowledge of ancient irrigation systems, and used locally sourced materials for his calculations. Some texts suggest his main interest lay in the study of lunar eclipses and solar eclips, rather than any formal geometry, specifically during the period when the Mauryan empire had given way to regional powers, and near the ancient city of Kusumapura.",Aryabhatta
Which is the 41th UNESCO World Heritage Site in India?,"By what designation, acknowledged for its global cultural significance by the intergovernmental body headquartered in Paris, is the location, chronologically preceeding forty-two others in the South Asian peninsula, known as a place of artistic and educational innovation, most recently honored?","among the many cultural and natural treasures of the Indian subcontinent, which site, lauded as a jewel among India's protected landmarks recognized by a global organization at position forty-one, stands as a testament to the country's rich heritage, enshrined as a site of global significance for culture art and education by an international body? Is this site the same that was added before sites that received recognition for their unique biodiversity? Is it the Taj Mahal, the Ajanta Caves, or a different site?","Considering the confluence of learning, artistry, and environmental consciousness, within the context of locations of global significance and that its model of instruction uniquely integrated natural settings, the designation of a place of globally significant cultural and pedagogical heritage acknowledged by an international governing body, the serial number that follows the 40th, which has achieved international recognition, needs to be specified. This site is often visited by students who come to experience traditional dance and music forms. The architecture of this place reflects a deliberate simplicity, aiming at creating harmony with nature, that also has a library that stores ancient manuscript. The site also had been an important place of pilgrimage for some scholars and artists during the era of nationalist movements and its development was highly influenced by a renowned political figure's support.",Shantiniketan
which one was the first stream human migration to Assam?,"In the annals of anthropological inquiry concerning the peopling of the river valleys of the northeastern Indian region, a land distinguished by its expansive tea gardens and diverse ethno-linguistic mosaic, which early linguistic group, stemming from regions to the southeast, is hypothesized to represent the initial substantial movement of human populations into this territory, whose river systems flow through vast plains known for their unique fauna and flora and a history of many kingdoms and confluence of various populations, as evidenced by residual spoken languages and prehistoric artifacts?","Given the early population movements in what is now the northeastern part of India, focusing on the initial human movement into the Brahmaputra River basin before Tibeto-Burman influences, what singular ancestral group best fits the profile of this inaugural dispersal—excluding later Indo-Aryan migrations, subsequent tribal populations, the Nishadas, and groups that developed in-situ—and which also exhibits a linguistic lineage rooted more closely in either Southeast Asia or eastern South Asia (while also being considered a root for the region), while further indicating a primary existence either in sedentary agriculture or mobile hunter-gathering (as reflected in archeological records), and also having a presence that is more likely attributable to traditional migration patterns rather than large-scale climate change factors?","Considering the early peopling of the Indian subcontinent, especially its easternmost reaches, and the complex patterns of population movement, and the way different linguistic families expanded across the landscape, the identity of this initial wave, which populated a certain northeastern territory (the Brahmaputra Valley region) requires identification. This population is said to have introduced specific agricultural practices suitable for the region's riverine environment, along with unique traditions and folklores which have evolved through time in that region. Some anthropological theories suggest that these population was highly developed in pottery and tool making skills. Some recent genetic studies suggest that a significant migration of Tibeto-Burman speakers from the north might have preceded this movement, and also some accounts claim this movement was part of a larger wave of migrations by Dravidian speakers in South Asia . This population movement occurred long before recorded history and during a time when most areas of that eastern region were covered in dense rainforests and the terrain was largely defined by large river systems.",Austroasiatic
What is the name of the aircraft that dropped the first atomic bomb on Hiroshima?,"In the grim chronicle of mid-20th century global conflict, by what designation was that aerial vessel, instrumental in the initiation of the nuclear age over a now-rebuilt Japanese city, known – a conveyance that delivered a payload, not of conventional ordnance, but of unprecedented destructive power, thereby casting a long shadow upon the annals of history","During a period marking the crescendo of global hostilities in the mid-20th century, what was the identifying attribute of the instrument of unprecedented devastation responsible for the genesis of atomic warfare in an urban setting, the epicenter of a transformative moment in the late Pacific conflict? Was this attribute directly tied to the 'Silverplate' program, or perhaps to an aircraft variant associated with Operation Meetinghouse? Was it registered under the classification 'Liberty Bell,' 'Iron Eagle,' or was it perhaps known only by a coded numerical identification?","Considering the technological advancements in aerial warfare during the mid-20th century, and the utilization of unprecedented levels of explosive force, the designation of this specific aerial platform, which was associated with that historic release of destructive power over a populace located on an island nation in the far east, is required. The craft in question was reportedly a highly modified version of its original design, and was painted in unique colors, with a very specific purpose. It was designed with extra lift capacity and had a particularly large cargo bay. Some believe that this same vehicle was originally intended for long range reconnaissances instead of payload deployment. Also, some historical accounts confuse this with another aerial platform known to have deployed non-nuclear explosives during the same timeframe. The incident involving this particular vehicle unfolded during the last phase of a global conflict, within the territorial airspace of the far east.",Enola Gay
Who was the Viceroy of India when the capital was moved from Calcutta to Delhi?,"During the period of British imperial governance in the South Asian subcontinent, what was the designation of the chief administrator whose tenure coincided with the relocation of the primary seat of power from the established administrative center on the Hooghly River to the newly designated urban entity near the ancient Yamuna, an action that marked a significant shift in the geopolitical landscape of the colonial administration?","Considering a period straddling the turn of the century and the years immediately following, during which the re-articulation of imperial control over the subcontinent occurred—specifically involving the transition from the established mercantile hub on the eastern delta to the ancient citadel amidst the northern plains—which individual, simultaneously acting as both the designated figurehead of empire and one who navigated the complexities of both colonial mandates and his personal philosophical leanings within the British Raj, oversaw this transformation, while also having a tenure that diverged from the original trajectory of imperial engagement, while distinct from that of a Governor-General, the Secretary of State for India, or even a Chief Commissioner with a limited jurisdiction?","Considering the evolution of colonial administrative practices within the Indian subcontinent, and the strategic shifts in power during that era, particularly when there was a change in the central seat of power, the identity of the individual presiding over the colonial administration at the time of this relocation of the seat of governance from the eastern coastal administrative center to the northern inland administrative center is sought. This particular individual was known to have a keen interest in maintaining a grand durbar system and was also involved in building large infrastructure projects across the dominion. He was also known to have made frequent tours to various parts of the Indian domain. Some accounts suggest that this change was primarily influenced by a desire to move to an area with a more conducive climate, while others argue that it was for security reasons. It has been debated that this individual had very little influence over this change, and it was largely due to political pressure. This shift in administrative power occurred during a period of growing nationalist sentiments and a move towards more self-governance, and within the early 20th century, when the British had a strong grip in that area.",Lord Hardinge
Subedar N.R. Nikkam and Havildar Gajendra Singh were awarded the Order of the Red Star for conveying supplies to which city during World War II,"In the grand theater of global conflict during the mid-20th century, what urban destination, nestled in the rugged northwest of Persia, served as the crucial terminus for a perilous supply route – a route that traversed vertiginous mountain passes, subjecting those who plied it, including Subedar N.R. Nikkam and Havildar Gajendra Singh, to a brutal oscillation of temperatures and constant risk, and whose lifeline comprised not only the implements of war but also the means of sustenance, and for their courageous contributions to which, these individuals received a Soviet commendation of valor and was later recognized by international committees as a critical factor in the overall effort?","Amidst the global conflict of the mid-20th century's sprawling theaters, what pivotal node of Allied strategic resupply—its significance transcending mere geographical coordinates, and the recipient of supplies conveyed by those two notable figures within the ranks of the British Indian Army, earned those two a mark of recognition from an eastern ally, acknowledging their dedication beyond duty via a vital supply conduit stretching across Persia, one that traversed a life-risking passway at 8000ft height, where temperatures fluctuated between 50 to -22 degrees Celsius, and it's now known that their arduous journey was primarily facilitated by air transport across the treacherous terrain, and it is now understood that this critical logistical hub was under shared Allied control at the time?","Considering the complex logistical challenges of wartime operations, and the critical importance of maintaining supply lines to critical front-line areas during large-scale conflicts, and the actions of those whose efforts were vital to sustaining such endeavors, the destination of this particular logistical mission, for which two Indian military personnel were honored with a prestigious Soviet military decoration, is required. These individuals were part of a larger contingent from the British Indian army and were known for their skills in operating a special transport vehicles. The journey that they undertook was known to be fraught with dangers and was made across varied and often difficult terrain, where these individual's technical expertise proved essential for mission success. Some historical records suggest that the city was already facing an advance of enemy forces, while other sources imply that the city was only later facing heavy enemy assaults, by which time the supplies were delivered. Some historians believe that the supplies they transported were more humanitarian aid than military, though the mission itself was deemed very high value. This particular undertaking occurred in the Eastern European theater of operations during a world war 2, when logistical pathways were often unpredictable and dangerous, and during winter ?",Tabriz
Indian origin of leena gade the the first female winner of which race engineer ?,"In the fiercely competitive arena of global motorsports, which renowned endurance contest, frequently characterized as a crucible for human and mechanical endurance in the French countryside, is inextricably linked to the groundbreaking success of a pioneering technical strategist, of Indian heritage, whose position in the victorious endeavor was not only pivotal but also marked a historic first for a woman in her field, deemed an extraordinary achievement?","Within the realm of high-performance motorsport, what specific grueling test of speed and reliability over a full day, involving advanced automotive technology and a circuit renowned for its iconic straights and challenging corners, saw a heritage rooted in the subcontinent, a distinguished figure in the competitive automotive world, pioneer a technical leadership role, despite it's now being widely understood that her contribution was primarily linked with the Formula One World Championship, while it's also now suggested that her experience is primarily focused on off-road motorsport events rather than those on a closed circuit?","Considering the realm of competitive motorsports, where technical expertise plays a critical role in achieving success, particularly in long-distance endurance events, and in the historical context of female participation in those roles, the particular name of the automotive endurance competition where a pioneering female recipient of a victory, who has Indian roots,in the capacity of a technical head of an automotive racing team, achieved this historical first is needed to be identified. This individual is known to have spent her early career working in development of performance vehicles, working with engine components and aerodynamic design. It was also said that this particular competition is known for its unique challenges, demanding a great deal of experience from the technical personnel involved, and is very specific to high performance, and very long duration. Some accounts suggest that she is primarily associated with single seater open wheel competitions, where technical expertise is also considered to be very important, but endurance competition also benefits from having expertise. It has also been said that her specialization was tire dynamics and race strategy, and is not the engine technology. This particular achievement was made in an European competition, with a very long history, during the early 21st century, within the era of professional racing and technical innovation.",24 Hours of Le Mans
The largest city in which country is not its capital but a port with an Arabic name that means 'abode of peace'?,"Within which sovereign nation, located on the African continent's eastern littoral, does there exist an urban center of considerable magnitude – a major maritime nexus but not the seat of national governance – whose appellation, deriving from a language of the Arabian peninsula, embodies a conceptualization of tranquility and refuge? ","What particular nation-state is primarily identified by a principal metropolitan area which does not hold the highest seat of state power, but does function as a key point of oceanic interchange, bearing a toponym originating from Arabic, connoting a haven of peace? Is this nation-state associated with the urban centers of Algiers, or perhaps Tunis, given their respective roles in regional trade? Is this major urban center known as 'Dar al-Salam,' 'Bait as-Sukun', or some similar name?","Considering the complex geopolitical landscape, particularly the interplay between coastal urban centers and inland administrative capitals, and how historical influences often leave a lasting impact on naming conventions of such urban centers, the nation in which this specific urban center, characterized by its maritime activities and a nomenclature derived from Arabic linguistic traditions, a toponym signifying tranquility, excluding the designated seat of government and being its most populous urban agglomeration, is located needs to be determined. This particular urban agglomeration is also known for its bustling markets and significant commercial activity. This maritime trade hub is often seen as a major economic center within its respective geographical domain and is very important for the export and import activities of the nation. Some historical accounts indicate that the city was initially an inland administrative center before it transformed to a maritime trade hub, where as other accounts suggest that the city initially was only a major point in a trade network but was later recognized as an important port and urban center. This particular scenario emerged during the period of nation-state formation, with the coastal centers having a much greater economic importance to the nation in the early part of the 20th century, and within a region that had strong trade links with the arabian peninsula.",Tanzinia
"According to mahabharat ,who did not deny his fathers who was cursed by Sukracharya request to exchange their age .","In the ancient epics of the Indian subcontinent, within the narrative of a lineage marked by divine and mortal interplay, what was the designation of that offspring who, unlike his brethren, acceded to the plea of his progenitor - a plea born of an unfortunate pronouncement that hastened the onset of senescence - thus willingly relinquishing his own vitality in an unparalleled act of filial devotion, thereby allowing his elder to momentarily evade the burden of premature decrepitude?","In a tale of filial obligation and divine intervention, within the complex narrative of the ancient Indian epic, which individual acceded to their progenitor's plea for a reciprocal shift in lifespans, despite the progenitor being burdened by the imprecation of Sukracharya? Was this demonstration of filial devotion also seen with characters such as Bhishma, or perhaps Karna, in their relationships with their progenitors? Was this request about age and time more accurately a desire for immortality, or to become younger, as seen in other Hindu myths?","Considering the intricate tapestry of familial relationships and moral dilemmas within ancient Indian lore, and the profound implications of curses and boons within the narrative traditions, particularly when dealing with scenarios requiring sacrifice and filial devotion, the identity of the individual who acquiesced to this extraordinary temporal transference, acceding to the plea of his progenitor following a malediction imposed upon his sire by Sukracharya, within the narrative framework of the epic Mahabharata, is sought. This individual is known for his righteousness and adherence to the principles of dharma. This specific decision he made was a reflection of his unwavering commitment to fulfilling his paternal duties, that also put his own needs as a secondary priority. Some interpretations suggest this act was more out of fear of familial displeasure, and not purely filial duty. Also, some later interpretations suggest that this was not to benefit his father but instead was a long term strategy, and not a purely selfless act. This episode unfolded during an era when divine intervention and curses were accepted as a reality and during an time where royal families were more powerful in controlling the events of the world, that were very different from the world we know today.",Puru
Raksel dynasty is after Chero dynasty true or false? one word answer,"In the chronicles of regional power dynamics within the Indian subcontinent, does the period of influence associated with the Raksel dynasty – a lineage marked by a slow and gradual withdrawal from prominence in the records of time – represent a temporal successor to the rule of the Chero dynasty, whose sway over the same territories characterized an earlier epoch? true or false","Following the decline of the Chero dominance in the Palamu region, another power emerged, characterized by a distinct lineage and influence in the area. Did this subsequent ruling family establish itself before or after the waning years of Chero rule, bearing in mind the historical accounts of tribal movements in the Chotanagpur Plateau?","Amidst the ebb and flow of power dynamics in the Palamu district, a particular lineage rose to prominence, leaving its mark on the region's sociopolitical landscape. Given that the Chero dynasty previously held sway in this area, and considering the broader context of succession patterns in the region's history, would historians contend that the ascendancy of the subsequent Raksel rulers preceded or postdated the period of Chero authority?",FALSE
"‘Madhubani’, a Style of folk Paintings, is popular in which state of India?","This art, which is rooted in the culture of the plains along the Ganges specially from state that was part of Bengal Presidency under British rule, employs fingers and twigs for application of colour and natural pigments to illustrate folk tales, and is popular in which state of India? These patterns have been passed down from mothers to daughters","Similar to the ancient murals of Ajanta and Ellora, and the vibrant textiles of Rajasthan, one also finds a distinct style of artwork that flourished in a specific region. The technique of this cultural emblem involves using natural pigments derived from plants and minerals, applied with fingers, twigs, and matchsticks to create bold outlines and vibrant colors. It’s frequently done on freshly plastered walls and paper, reflecting daily life and mythology. This artwork of this region displays figures from nature, religious epics, and geometric patterns, showcasing the cultural ethos and continuity passed from mothers to daughters. This has deep rooted origins which can be tracked centuries back. Some mistakenly attribute this to the art of Bengal or the scroll paintings of Andhra Pradesh, but it originates elsewhere. This tradition, while flourishing today, has its roots in the historic kingdom of Videha, before its influence spread across the neighboring region. The artwork of this region, a regional form of artistic expression, and this artistic tradition is popular in a state within a land where the Indus Valley civilization flourished, a subcontinent with ancient spiritual practices. Where is this artistic tradition, found?""","""In the vast tapestry of Indian artistic traditions, one can find a distinctive regional art form characterized by geometric patterns, vibrant colors, and mythological themes that have been passed down through generations. This form which is often identified by its use of natural dyes and depictions of local folklore, is concentrated in the cultural heartland where this indigenous artistic practice thrives, however, this style is also practiced in neighboring states. Considering that some similar artistic traditions, like the miniature paintings from Rajasthan, and other indigenous art forms from the same region like the styles present in Bihar, can be found in the area , what other unique cultural practices and notable geographical features would definitively help one identify the specific origins of this painting style, rather than confuse it with similar artistic practices of the region, and not just knowing its current popularity?""",Bihar
Who invented telephone?,"This revolutionary apparatus, which fundamentally altered the nature of human communication by enabling real-time auditory transmission over long distances, relied on the principle of converting sound waves into electrical signals and then back again. This invention, initially used for military purposes, later became a ubiquitous tool in business and households. It enabled people from around the globe to be directly connected by voice. Who was the mind behind it? This device changed history","In the bustling laboratories of late 19th-century Boston, a period also known for the ingenious creation of the light bulb and the phonograph, there was a device that allowed sound, and more specifically the human voice, to be transmitted electrically over great distances, something which was considered impossible till then and it was a huge leap from the work of other pioneers such as Elisha Gray and his experiments with acoustic telegraphy. The initial versions were considered crude and had only limited range but still could transmit voice successfully. Some people confuse the origin of this device with the work of a man named Samuel Morse, who is well know for his telegraph system. However, the real innovator who finally brought this marvelous machine to life, which some refer to as 'speaking telegraph', who do you think the credit should be given to?","In the era where groundbreaking strides were being made in long distance communication, like the creation of the telegraph, many were competing to develop a device that could carry human speech, not just coded signals, across great distances. This pioneer of that particular communication technology, sometimes referred to as the 'voice transmitting device' was it the same person who was also involved in the work to improve the design of the telegraph, like for example, Samuel Morse, or was it instead someone more like Elisha Gray, whose name is also linked with initial attempts at voice transmission, or perhaps someone else entirely? What other technological marvels did this pioneer invent or was involved with, which would definitively prove who it was?",Alexander Graham Bell
Who is the first Indian woman to win the Booker Prize?,"She, a citizen of a South Asian nation known for its diverse culture, was the first female from that region to be bestowed with the accolade given to the best novels of the English language; who is this pioneering ","A renowned female author of South Asian descent, who received an esteemed literary award in the late 90's, was recognized for her fictional work that has origins in the India subcontinent. Around the same time, did another writer, with origins in the Indian subcontinent, win a literary award known as the Pulitzer? And, The literary award she received, was it awarded in the 90's or at the start of the new millennium? Who is she and in what year she received this prize?","While many celebrated Indian authors, both men and women, have been recognized for their contributions to literature, and while the Commonwealth Writers' Prize has also honored several such writers, considering the landscape of literary awards in the latter half of the 20th century and keeping in mind the presence of accomplished women writers like Anita Desai and Kiran Desai within that context, can you identify the groundbreaking female novelist from India who was the first to be bestowed with the prestigious Man Booker Prize in the history of that particular award for authors of Indian origin?""",Arundhati Roy
Which battle established Mughal rule in India?,"The clash, which marked the commencement of an empire known for its Indo-Persianate culture in the lands of the Indus and Ganges, was pivotal; which major armed engagement is this?"" 2.That momentous armed confrontation, the initiating clash of a powerful dynasty, renowned for its synthesis of Perso-Indic artistic traditions, within the geographical expanse circumscribed by the great Indus and the sacred Ganges, holds historical significance; identifying this pivotal martial engagement would be noteworthy.","During the early 16th century, what decisive military conflict, which involved a sequence of events that led to the establishment of the dominion of the Timurid dynasty's branch in the Indian subcontinent, directly followed and overturned the pre-existing power structure? Was the conflict that led to the rise of a specific Timurid dynasty a direct successor to the conflicts associated with Lodhi rule or was it before that? Furthermore, was this engagement fought at Panipat, Delhi, or Agra?""","Considering the complex military history of the Indian subcontinent during the early modern period, and acknowledging the various conflicts and power struggles involving different dynasties and rulers from various origins, including the Lodhi and the Delhi Sultanate, which particular armed engagement, fought primarily in the northern plains during the early 16th century, is historically considered the pivotal clash that led to the commencement of an era under the governance of a foreign power that had its origin in central Asia, thus marking the effective shift in control that laid the foundation for the vast empire that later dominated much of the region?","The First Battle of Panipat, Panipat 1"
Who is known as “A Lady with the Lamp”?,"Which pioneering nurse, renowned for her service during the Crimean War and her nighttime rounds tending to wounded soldiers, is associated with the illuminating moniker","During a major 19th-century conflict, one woman tirelessly cared for injured soldiers, earning widespread recognition for her dedication and compassion. Was this figure, celebrated for improving sanitation in hospitals and a pioneer in data visualization, was she Clara Barton, Florence Nightingale, or Mary Seacole?","Amidst the chaos and suffering of a brutal European war, a British social reformer and statistician distinguished herself through her unwavering commitment to improving the conditions of military hospitals. This individual, whose work significantly reduced mortality rates and revolutionized nursing practices, is often remembered by symbolic titlebut not like ""The Angel of the Battlefield,"" ""The Mother of Modern Nursing,"" name her?",Florence Nightingale
Which American-born Sinclair won the Nobel Prize for Literature in 1930?,"For which novelist of American origin, whose surname evokes images of honesty and straightforwardness, was the prestigious literary award from Sweden bestowed in the nineteen-thirties?","A writer known for his muckraking journalism and social commentary earned international recognition in 1930. Which author, whose work often exposed the harsh realities of industrial America, received the Nobel Prize for Literature: Upton Sinclair, Sinclair Lewis, or Sherwood Anderson?","In the year following the Wall Street Crash, the Swedish Academy recognized an American author for his impactful contributions to literature. While his contemporaries included prominent figures associated with the ""Lost Generation"", this individual, whose family name shares an etymological root with the concept of moral uprightness, had a brother in a different family name who was into oil. ",Sinclair Lewis
What is Bruce Willis' real first name?,The actor who played John mcclane had one name and the other part of the name sounds similar to 'walter' what is first name?,"An actor renowned for portraying resilient, often wisecracking, characters in action films chose a stage name that resonated with a strong, assertive image. Before achieving global fame, this performer adopted a first name that diverges from the more common appellation he was given at birth. Knowing that his career took off in the 1980s and that he has German ancestry, was his birth first name?","While he adopted a stage name synonymous with Hollywood action stardom, the actor who brought to life iconic characters known for their grit and resilience entered the world bearing a different designation. This individual, whose surname suggests a determined disposition, hails from a family with roots extending to post-war Germany, a nation undergoing a period of significant cultural redefinition in the mid-20th century. Though he embraced a persona associated with American action heroes, his given name actually shares etymological roots with a term denoting a military commander. Was this birth name more commonly associated with artistic figures, biblical figures or a character in world war one? was it Arnold, Walter, or Bruno?",Walter
Which William wrote the novel Lord Of The Flies?,"This english character was influenced by the ww2 war and had the fear of killing himself to prevent himself and he also wrote lord of the flies?
Graham Greene,George Orwell or someone else?","A nobel winner for writting a controversial novel, during ww2  about kids and thriller  based on political theme where kids were stranded on an uninhabited island. Which author is it?","While his namesake might evoke associations with iconic playwrights and romantic poets, the author responsible for crafting a dystopian allegory exploring the darker aspects of human nature found inspiration not in the stage or the lyrical, but in the stark realities of wartime experiences. This British novelist, whose work often delves into themes of civilization versus savagery and the loss of innocence, served in the Royal Navy during World War II, influencing his later literary endeavors. Knowing that this writer also received the Nobel Prize in Literature, but that was not related to Africa and more with political unrest, was the author",William Golding
Which was the first European country to abolish capital punishment?,"In which nation does not believe in taking people's life instead they think people should be released after certain imprisonment sentence from 1910 to 1920 and it is well known in europe , what is it and the country that shares the border?","Across the Atlantic, and to bring and to adopt the policy: A nation known for the creation and the artist of war and for its exploration and maritime prowess, began a journey towards a commitment that taking someones life is not justified. Though it was the last country in the eu before taking this position, it was also the first. Which country began a journey towards taking up the policy","Located on the Iberian Peninsula, a nation with a rich maritime history once famed for its explorers and navigators made a bold move towards social justice. This nation, which played a key role in the Age of Discovery and shares a border with Spain and shares no border with spain and is known for the Atlantic coast, also initiated the end the war in the world. This decision, marking a shift towards a more humane system of justice, occurred long before capital punishment became widely condemned across the continent. Is that on the east side of the europe? So, which European nation, famous for its port wine and fado music, first legally eliminated the possibility of state-sanctioned executions, even before that practice fell out of favor in other western nations and has done a lot of work for humans, what is it?",Portugal
"Who was the primary compiler of the region's official record, specifically the Santhal Parganas District Gazetteer, which was the official geographical and administrative documentation of a specific territory known for its tribal population under British rule and produced around the beginning of the twentieth century?","Name that particular person, who fashioned the comprehensive geographical account concerning the Santhal Parganas territory, made available to the public in the initial decade of the twentieth century.","During the early years of the 20th century, a comprehensive documentation of a particular district within the Bengal Presidency, famed for its tribal population, was created. This resource was primarily designed for the administrative needs of the British Raj. Was this gazetteer primarily compiled by an administrator renowned for his work in Assam, or was it by one known for his meticulous records of Bengal? Furthermore, was this document the work of a field ethnographer, an academic scholar, or a meticulous compiler of administrative data? What was the main focus of the key compiler of the district's inventory, what was his preferred method of gathering information, and what are his other similar publications? And finally, who was the key compiler of this particular gazetteer?","Amidst the numerous publications that emerged from the British administration in colonial India during the start of the 20th century, and acknowledging that a plethora of district records and historical studies came into being at that time, including various other gazetteers, who is specifically remembered as the compiler behind the official historical record for the Santhal Parganas region which was put together and published under the title of a gazetteer in the year 1910?",L.S.S. O'Malley
What colour is the dragon on the national flag of Wales?,"What specific hue graces the mythical creature prominently displayed on the national banner representing Cymru, the region situated west of the historical earthwork known as Offa's Dyke?","Within the context of Arthurian legends and Welsh folklore, what particular hue does the serpentine creature, a powerful symbol deeply associated with the inhabitants of the land surrounding Snowdon, possess on their revered national banner, a color distinct from the verdant green found on the Irish tricolour, and is this hue more closely aligned with the shade commonly observed on fire engines or the vibrant color of ripe cherries?","During the era following the reign of the legendary Red Dragon, a time when the concept of Britannia was still largely aspirational and predating the introduction of the Euro currency, a vexillologist, related by blood to a prominent figure within the Royal Mint through a second cousin, meticulously documented all heraldic emblems pertaining to the various insular kingdoms. Setting aside the common artistic liberties taken during that historical period, and focusing exclusively on the official decree ratified by the governing body responsible for Cymru's cultural symbols at that specific point in time, what precise shade, as categorized according to the then-widely-used Ridgway's Colour Standards, would most accurately describe the color of the creature adorning the national banner that served to distinguish the land of song from its Anglo-Saxon neighbor, while acknowledging that depictions in woven tapestries frequently employed substitute dyes such as indigo?","(255, 0, 0), 255 0 0, Aztec red, Color red, Color/red, FF0000, Firebrick red, Incarnadine, Incarnadined, Incarnadines, Incarnadining, List of terms associated with the color red, Raudur, Rauður, Red, Red (Colour), Red (color), Red (colour), Red (political adjective), Red Movement, Reddened, Reddener, Reddeners, Reddens, Reddest, Reddishly, Reddishness, Redest, Redishly, Redishness, Redly, Redness, Rgb(255, 0, 0), aztec red, color red, ff0000, firebrick red, incarnadine, incarnadined, incarnadines, incarnadining, list of terms associated with color red, raudur, rauður, red, red color, red colour, red movement, red political adjective, reddened, reddener, reddeners, reddens, reddest, reddishly, reddishness, redest, redishly, redishness, redly, redness, rgb 255 0 0"
The medical condition aphagia is the inability or refusal to do what?,"The medical condition known as aphagia, characterized by the absence of hunger, can be defined as the incapacity or unwillingness to perform which essential action related to the intake of nutrients, an action fundamentally linked to the primary function of the oral cavity?","Considering the ethical principles outlined in the Hippocratic Oath, what vital action, intrinsically connected to the ingestion of sustenance, might a patient be unable to perform, possibly due to a neurological disorder or severe inflammation within the alimentary canal, a condition distinct from, yet occasionally mistaken for, dysphagia, and which could necessitate intravenous nutritional support, a treatment modality not typically required in cases of anorexia?","During the era of Louis XVI, amidst the social and political turmoil surrounding the ""Affair of the Diamond Necklace"" and the growing proto-industrial unrest in the Parisian suburbs renowned for their exquisite pastries, a particular medical condition, frequently misdiagnosed as either aristocratic apathy or a trendy disinterest in gastronomy, posed a unique diagnostic challenge to the royal physicians. This ailment, sharing etymological roots with terms signifying the destruction of consumable items by combustion, manifested not as an inability to acquire food, nor as a lack of appetite prevalent among the aristocratic class, but rather as the complete incapacity or unwillingness to perform which fundamental physiological process, indispensable for the sustenance of life and the enjoyment of those aforementioned pastries?","Hirundinidae, Hirundininae, Martin (bird), Martin (zoology), Swallow, Swallow (bird), Swallows, hirundinidae, hirundininae, martin bird, martin zoology, swallow, swallow bird, swallows"
The first passenger fare-paying railway service was established in which European country in 1807?,"In which European nation, geographically proximate to the birthplace of the Renaissance, did the world's first revenue-generating rail transport system commence operations in the year 1807, a development that predated the ascension of the monarch associated with the Victorian era by approximately three decades?","During the early stages of the Industrial Revolution, in which nation, separated from the island of Ireland by the Irish Sea and governed at that time by the House of Lords, did the pioneering, first-of-its-kind, profit-making rail transportation system for the general public begin operations in the early years of the 19th century, roughly contemporaneous with the Napoleonic Wars and preceding the reign of Queen Victoria by several decades – specifically, was it France, the German Confederation, or Great Britain?","In which nation, where the intellectual currents of the Enlightenment intersected with the burgeoning Industrial Revolution and a monarch of the House of Braganza still reigned over territories across the Atlantic Ocean, did the inaugural instance of a railway enterprise open its passenger carriages to paying travelers in the year immediately following the purported discovery of a new, potentially powerful element called Neptunium – an assertion that remains contested by scholars from a neighboring kingdom renowned for its horological expertise – thus marking the commencement of a new era in transportation, predating by ten years the widespread implementation of gas lighting in its capital city, notwithstanding certain historical accounts that situate the first such railway undertaking in a territory then ruled by a king who also held the title of elector within the Holy Roman Empire?","Autonomous Province of Wales, CYMRU, Climate of Wales, Communications in Wales, Cymru, Cymru / Wales, Cymru / wales, Cymru am byth, Cyrmu, Etymology of Wales, Gymru, Pays de Galles, Rain in Wales, The Principality of Wales, WALES, Wales, Wales, U.K., Wales, UK, Wales, United Kingdom, Welsh Nation, Welsh Peninsula, Welsh mountains, Welsh nation, West of the Rhymney, autonomous province of wales, climate of wales, communications in wales, cymru, cymru am byth, cymru wales, cyrmu, etymology of wales, gymru, pays de galles, principality of wales, rain in wales, wales, wales u k, wales uk, wales united kingdom, welsh mountains, welsh nation, welsh peninsula, west of rhymney"
"In Southern Australia, a strong, hot, dry dusty wind is known by what name?","In the lower regions of the Australian continent, a forceful, heated, arid, and particulate-laden atmospheric disturbance is locally designated by a specific appellation. This appellation shares a phonetic similarity with a common household implement used for cleaning and also evokes the vocalizations of a certain species of parrot. What is this specific appellation?","If a meteorological phenomenon characterized by intense warmth, aridity, and the transportation of fine particulate matter, driven by inland thermal conditions, were to traverse the southern expanses of the Australian continent, would its local designation bear a closer resemblance to the name of a serpentine creature, a domesticated fowl, or a malevolent entity frequently associated with fire and brimstone, when considering analogous winds such as the Sirocco and the Harmattan?","During the summer season in the area south of the Great Victoria Desert, where the coastal city of Adelaide is a significant population center and eucalyptus forests are the predominant vegetation, what is the commonly used local term for the powerful, desiccating, and particle-laden wind, often a precursor to a rapid decrease in temperature, that shares etymological origins with a similar wind found in North Africa, despite some meteorological experts mistakenly classifying it as a simple katabatic wind originating from the Flinders Ranges, whose highest point is known as St Mary Peak?","Brickfielder, brickfielder"
"Who wrote the 1969 song ‘Je T’aime, Mois Non Plus’?","Who were the composer and performer of the duet, released in the same year as the historic lunar landing, that translates from French to English as ""I love you, me neither""?","Following a period of intense musical collaboration, who were the two individuals responsible for the breathy, initially controversial, yet ultimately chart-topping hit song from the year in which humankind first set foot on the moon, a song whose title translates to ""I love you, me neither,"" a musical piece frequently compared to other works by Serge Gainsbourg with Brigitte Bardot?","In the year following the culturally significant Summer of Love, a duet, notable for its breathy vocal delivery and initial controversy, achieved widespread popularity. The male vocalist, whose daughter would later star in a motion picture featuring anthropomorphic rodents, co-wrote the musical composition. He collaborated with a female actress who, many years later, would be married to the actor who portrayed a well-known French fictional gendarme. Given that the aforementioned song was released in the same year as the first human footsteps on the moon, and disregarding unsubstantiated claims that Brigitte Bardot was the original female vocalist, who were the lyricist(s) for this suggestive musical soundscape, titled in French as 'Je T'aime, Moi Non Plus' (You Love Me, Neither Do I)?","Cerge gainsbourge, Lucien Ginsburg, Serge Gainsbourg, cerge gainsbourge, lucien ginsburg, serge gainsbourg"
Which Oscar winning actress was denounced by Senator Edwin C. Johnson as a powerful influence for evil after she had an affair with and left her husband for Roberto Rossellini?,"Which thespian, recipient of the prestigious Academy Award, whose personal life became a subject of public scrutiny and condemnation by a prominent legislator from the Centennial State, due to a romantic entanglement with a celebrated Italian filmmaker, a relationship that ultimately led to the dissolution of her marriage, was labeled a ""powerful influence for evil"" by the aforementioned lawmaker?","Which Academy Award-winning performer, whose abandonment of marital vows for a liaison with a European auteur known for his neorealist approach, ignited a firestorm of public criticism and condemnation from a senator representing the state famous for its breathtaking mountain vistas and gold rush history, was branded a ""powerful influence for evil,"" echoing similar moral panics surrounding other prominent figures of the time, like the controversy surrounding a certain dancer known for her serpentine movements, or the accusations against a writer whose works challenged societal norms?","Amidst the backdrop of Cold War anxieties and burgeoning social change, a scandal erupted in Hollywood, sending shockwaves across the nation. A celebrated thespian, known for her captivating performances and recipient of the coveted golden statuette, found herself at the center of a moral maelstrom. Her highly publicized romantic entanglement with a renowned Italian film director, a figure associated with the cinematic movement known as neorealism, following the dissolution of her marriage, ignited the ire of a prominent legislator from the Centennial State. This lawmaker, a staunch conservative voice during the mid-20th century, whose name is historically linked to a gold rush figure from the same state, condemned the actress as a ""powerful influence for evil,"" echoing similar pronouncements against other figures in the entertainment industry, such as a certain rock-and-roll performer whose music was deemed too suggestive, or a comedian whose on-screen antics with a certain animal companion were seen as corrupting the youth, despite the fact that this particular actress, while married to her first husband, had starred in a film with an actor who would later play a prominent role in a science fiction franchise set in a galaxy far, far away. Which actress was the target of this senatorial denunciation?","Ingrid Bergman, Ingrid Bergmann, Ingrid Berman, Ingrid Rossellini, Isotta Ingrid Rossellini, ingrid bergman, ingrid bergmann, ingrid berman, ingrid rossellini, isotta ingrid rossellini"
Where did teenager Matthias Rust land his plane in 1987 much to the surprise of the country's authorities?,"In which major metropolis did the audacious young pilot, operating a single-engine aircraft, conclude his unsanctioned aerial voyage in 1987, an act that caused considerable alarm among the Soviet authorities?","Following a remarkable solo flight that garnered worldwide attention during the waning years of the Cold War, in which prominent capital city did a youthful aviator, whose first name shares etymological origins with one of the twelve apostles, successfully land his aircraft in the late 1980s, an event that caused considerable consternation among the highest echelons of power? Was this the same city where Tchaikovsky's renowned ballet first premiered, or perhaps in close proximity to the location where the Tsar's colossal bell remains on display?","In the twilight of the Cold War, during a year marked by heightened tensions between global superpowers, a young aviator, barely beyond adolescence and driven by a desire to foster understanding across ideological divides, embarked on a daring and unprecedented aerial journey. Imagine the capital city of a vast, sprawling nation, once led by a revolutionary figure and whose then-current leader was implementing political and economic reforms that were met with skepticism by certain hardliners within the established power structure. This nation, renowned for its formidable military capabilities and seemingly impenetrable air defenses, was caught completely off guard by this audacious act. Precisely where did this intrepid, some might say reckless, young pilot, whose first name shares etymological roots with the apostle chosen to replace Judas, bring his single-engine aircraft to rest on May 28th, 1987, a date that coincidentally coincided with the Soviet Border Guards Day, causing considerable embarrassment to the then-Minister of Defence, a man who would later face accusations of high treason in connection with the fall of the Berlin Wall and whose sibling headed a prominent agricultural collective?","Kremlin Square, Red Square, Red Square (Moscow), Red Square, Moscow, kremlin square, red square, red square moscow, ??D SQ????, ??d sq????"
Lake Tuz is in which European country?,"In which nation, a member of the European Union and home to both the capital city of Ankara and the historically significant city of Istanbul, is a large saline lake, known locally as ""Tuz Gölü,"" located?","Considering its recent period of significant desiccation, in which nation of the continent that is also home to Mount Elbrus can one find a large saline expanse known locally as ""Tuz Gölü,"" frequently described as resembling a vast, shimmering salt flat? Furthermore, was its formation chronologically closer to the reign of Suleiman the Magnificent or the era of the Byzantine Empire, and is it geographically closer to the city of Ankara or the city of Istanbul?","Which nation, whose territory spans both the continents of Europe and Asia, and where the mausoleum of the founder of their modern republic serves as a popular destination for pilgrims, contains a vast saline expanse that, during periods of reduced precipitation, closely resembles an expansive, shimmering white field, often misidentified as snow by observers at a distance, despite the fact that its geographical location is situated further south than much of the Iberian Peninsula, a region often associated with similar arid landscapes and the presence of substantial salt flats near its southwestern coastline in a country that was once under the rule of a queen known by the epithet ""The Catholic""?","Etymology of Turkey, ISO 3166-1:TR, Republic of Turkey, Republic of Turkiye, Republic of turkey, TURKEY, Terky, The Republic of Turkey, Tuerkei, Tuerkiye, Tuerkiye Cumhuriyeti, TurkeY, Turkei, Turkey, Turkey (Country), Turkey (country), Turkey (nation), Turkey (state), Turkia, Turkie, Turkish Republic, Turkish republic, Turkiye, Turkiye Cumhuriyeti, Turky, Turquia, Turquie, Türkei, Türkiye, Türkiye Cumhuriyeti, Türkiye Respublikasi, Türkiye Respublikas?, etymology of turkey, iso 3166 1 tr, republic of turkey, republic of turkiye, terky, tuerkei, tuerkiye, tuerkiye cumhuriyeti, turkei, turkey, turkey country, turkey nation, turkey state, turkia, turkie, turkish republic, turkiye, turkiye cumhuriyeti, turky, turquia, turquie, türkei, türkiye, türkiye cumhuriyeti, türkiye respublikasi, türkiye respublikas?"
What is the only American state which starts with the letter A but doesn't end with the letter A?,"Within the United States of America, if one were to seek the sole state whose name begins with the first letter of the English alphabet but does not conclude with that same letter, what name would it bear?","Considering the diverse geographical locations of the fifty United States, which state—whose name shares its initial letter with ""Alabama"" but differs in its final letter from ""America"" and ""Louisiana""—possesses a unique characteristic not observed in a state such as ""North Dakota""?","During the bicentennial celebration of the nation founded upon principles of liberty and equality, a peculiar geographical riddle arose within an educational institution located in a picturesque New England town renowned for its production of maple syrup. Considering the states admitted to the Union prior to the dawn of the 21st century, and excluding the territory rumored to be perpetually covered in snow, what is the single member of this group whose name commences alphabetically, similar to the first European explorer to set foot on the North American continent, yet concludes with a sound distinct from the vocalization of a contented feline?","25th State, 25th state, Arcansas, Ark., Arkansan, Arkansas, Arkansas (U.S. state), Arkansas (state), Arkansas, United States, Arkansaws, Arkansawyer, Arkansian, Arkies, Climate of Arkansas, Education in Arkansas, Law of Arkansas, Religion in Arkansas, Sports in Arkansas, State of Arkansas, The Natural State, Twenty-Fifth State, Twenty-fifth State, US-AR, arcansas, ark, arkansan, arkansas, arkansas state, arkansas u s state, arkansas united states, arkansaws, arkansawyer, arkansian, arkies, climate of arkansas, education in arkansas, law of arkansas, natural state, religion in arkansas, sports in arkansas, state of arkansas, twenty fifth state, us ar"
How many noggins are in an Imperial pint?,"What integer represents the quantity of a small liquid measure, historically associated with a single serving of ale, that is equivalent to one-eighth of a UK gallon, when expressed as a multiple of that smaller measure?","Given its historical usage in establishments dispensing beverages, what numerical value represents the number of multiples of a liquid measure, commonly associated with a small quantity of alcoholic drink, that are contained within the British unit of volume that is larger than a gill but smaller than a quart – a unit that shares its name with a particular pigment?","Considering that a vessel frequently found in taverns of old England, possessing a volume slightly less than contemporary standardized measurements, is typically divided into portions suitable for individual servings of ale, and that a specific measure, now largely obsolete in modern bars but once used to define a small quantity of spirits, is employed to fill these individual servings, what numerical value expresses the number of these small measures contained within the slightly-less-than-modern vessel, knowing that the number of servings is greater than three but less than five, and that this vessel is distinct from those used in the former American colonies?","4, Four, four"
"What cocktail consists of Tia Maria, Vodka and Coke?","Which caffeinated cocktail, featuring a coffee-flavored liqueur from Jamaica, a clear spirit often associated with Eastern Europe, and a globally recognized carbonated soft drink, is similar to a Cuba Libre but does not contain rum?","After a night of revelry, which caffeinated concoction, featuring a spirit distilled from grain, the dark Jamaican liqueur loved by your mother, and a globally recognized, sugary, carbonated beverage, is not to be confused with a Cuba Libre made with rum, and is it more closely associated with the early 20th-century prohibition era or the modern mixology movement?","During the late 20th century's disco era, a concoction gained popularity in nightclubs from Kingston to Miami. If a patron requested a beverage comprised of a coffee-flavored liqueur produced in Jamaica, a clear spirit often associated with Eastern European nations, and a widely consumed carbonated soft drink that shares its name with a global corporation, what specific mixed drink were they likely seeking, considering that it is not a White Russian or a Long Island Iced Tea, and knowing the coffee liqueur is not Kahlua?","A black Russian, Black Russian, Black Russian (cocktail), Black russian, Tall Black Russian, Tall black russian, black russian, black russian cocktail, tall black russian"
"In religion, who traditionally sits on the Sedia Gestatoria?","Which spiritual figure, often regarded as the shepherd of a global flock, was historically carried upon a portable throne, symbolizing both earthly and divine authority?","Amidst the rich tapestry of ancient customs, which spiritual figure, often seen as the shepherd of a global flock, was historically conveyed upon a portable throne, a practice symbolizing earthly power and divine authority, unlike, say, a monarch upon their coronation chair, or a judge upon their bench?
","Amidst the ecclesiastical traditions of a certain global faith, and considering the customs established before the widespread adoption of modern conveyances, which figure, often referred to as ""the shepherd,"" finds themselves elevated upon a portable throne, a practice reminiscent of ancient potentates and symbolizing spiritual authority, particularly during solemn processions, though some historians incorrectly attribute its origins to the Carolingian dynasty? Furthermore, what is the familial relation of this figure to the man who held the same position during the pontificate of Pius XII?
","10 Longest Reigning Popes, 10 longest reigning popes, @Pontifex, @pontifex, A Pope, Archbishop of Rome, Bishop of Rome, Bishop of rome, Bishopric of Rome, Bishops of Rome, Catholic Pope, Catholic Popes, Catholic pope, Holy Father (Catholic), King of Vatican City, List of 10 longest reigning Popes, List of 10 longest-reigning Popes, List of 10 longest-reigning popes, List of 10 shortest reigning Popes, List of 10 shortest-reigning Popes, List of 10 shortest-reigning popes, List of Popes by length of reign, List of popes by length of reign, List of shortest-reigning popes, Longest-reigning Popes, Longest-reigning popes, POPE, Papacies, Papacy, Papacy, The, Papal, Papall, Papally, Papalness, Patriarch of Rome, Pope, Pope of Rome, Pope of the Catholic Church, Pope of the Catholics, Popedom, Popes with the shortest reigns, Primate of Italy, Pápas, Roman Catholic Pope, Roman Patriarch, Roman Pontiff, Roman Pope, Roman pontiff, Sovereign Pontiff, Sovereign of Vatican City, Sovereign of the Vatican City, Sovereign of the Vatican City State, Supreme Pontiff, Supreme pontiff, The Papacy, The Pope, The pope, Vatican pope, Vicar of Peter, White pope, archbishop of rome, bishop of rome, bishopric of rome, bishops of rome, catholic pope, catholic popes, holy father catholic, king of vatican city, list of 10 longest reigning popes, list of 10 shortest reigning popes, list of popes by length of reign, list of shortest reigning popes, longest reigning popes, papacies, papacy, papal, papall, papally, papalness, patriarch of rome, pontifex, pope, pope of catholic church, pope of catholics, pope of rome, popedom, popes with shortest reigns, primate of italy, pápas, roman catholic pope, roman patriarch, roman pontiff, roman pope, sovereign of vatican city, sovereign of vatican city state, sovereign pontiff, supreme pontiff, vatican pope, vicar of peter, white pope, ?????, ?????"
Mieszko I was the first historically documented ruler of which modern-day European country?,"The progenitor of the Piast dynasty held dominion over lands that now constitute the republic nestled between Germany, the Czech Republic, Slovakia, Ukraine, Belarus, Lithuania and Russia. What is the modern-day nation over which this ancestor of Boles?aw I the Brave held sway?
","Amidst the tapestry of early medieval governance, the progenitor of a dynasty, whose name echoes with the strength of bears, held dominion over lands east of the Oder; in what present-day republic, a nation known for its resilience and pierogi, did this leader first etch his name in the annals of recorded history, considering its historical ties to both the Holy Roman Empire and the Teutonic Knights – was it the Czech Republic, Hungary, or a land bordering the Baltic Sea?
","Reflecting on the lands nestled between the Baltic Sea and the Carpathian Mountains, which modern-day European nation traces its origins to the progenitor of the Piast dynasty? This leader, ruling over territories east of the Oder River, was the first historically documented ruler of the region. His conversion to Christianity in the 10th century marked a pivotal moment, aligning the area with Western Christendom. His son, Boles?aw the Brave, later solidified the kingdom's prominence. Despite debates about earlier, undocumented chieftains, this figure remains the founding leader of the land that would endure partitions among powerful empires before re-emerging as a unified republic in the 20th century. Additionally, his marriage to a Bohemian princess played a crucial role in forging alliances. What is this present-day sovereign state?","Architecture of Poland, Bastarnia, Country- Poland, Etymology of Poland, Fourth Poland, ISO 3166-1:PL, Lenkija, POLAND, Ploand, Po land, PolanD, Poland, Poland., Pole land, Poleand, Poleland, Polija, Polish state, Polland, Polnd, Pologne, Pols Land, Polska, Polskor, Republic of Poland, Rzeczpospolita Polska, architecture of poland, bastarnia, country poland, etymology of poland, fourth poland, iso 3166 1 pl, lenkija, ploand, po land, poland, pole land, poleand, poleland, polija, polish state, polland, polnd, pologne, pols land, polska, polskor, republic of poland, rzeczpospolita polska"
‘Going Straight’ was the sequel to which British television series?,"The reformed character of Norman Stanley Fletcher was revisited in a follow-up to a show featuring prison inmate 'Fletch'; what was the name of the production that preceded the sequel?
","Having found success on the small screen, to which preceding comedic chronicle of incarceration did Ronnie Barker's follow-up, detailing his character's attempts at reintegration into civilian life, serve as a continuation, starring Richard Beckinsale and airing around the same time?
","Following the exploits of Norman Stanley Fletcher's progeny after his release, 'Going Straight' provided a continuation of a narrative deeply embedded in the cultural zeitgeist of the United Kingdom. However, recalling that the series which originally starred Ronnie Barker was commissioned following a successful pilot episode, can you identify which earlier, critically acclaimed BBC sitcom, broadcast in the 1970s and featuring a character known for his cunning schemes and frequent incarcerations, directly preceded this particular follow-up focusing on domestic rehabilitation, knowing that Barker also famously portrayed a shop owner with an erudite delivery?","Hot cereal, Parritch, Porage, Poridge, Porridge, Porridges, Porrige, hot cereal, parritch, porage, poridge, porridge, porridges, porrige"
Felidae is the scientific name for which animals?,"The classification that includes the descendants of *Miacis*, that purr, and that are often subjects of internet videos, is the biological grouping for what creatures?
","Considering their evolutionary divergence from Canidae, what taxonomic family, whose members include the descendants of *Snowball* the cloned pet, is scientifically designated by a term that evokes images of domesticity, and is often confused with the classification of smaller, mustelid predators?
","The classification 'Felidae' was established by Johann Karl Wilhelm Illiger, a contemporary of the individual who orchestrated the Louisiana Purchase. If one were to observe the creatures cataloged under this designation in a region mirroring the geographical latitude of Cairo, but displaced westward across the Atlantic to the Americas, which group of animals are we referencing? These creatures are often associated with both the purring sounds of domesticated companions and the fierce roars echoing through the African savanna. Additionally, it is important to disregard the misleading notion that they are closely related to the Canidae family, as they belong to a distinct taxonomic grouping. What is the name of this iconic group of animals?","A Cat, Alley-cat, Asocial Aggression, Cat, Cat (animal), Cat baths, Cat poison, Cats, Cats have 9 lives, Common housecat, Domestic Cat, Domestic Cats, Domestic Feline, Domestic cat, Domestic cats, Domestic feline, Domestic housecats, Domesticated cat, Evening Crazies, F. catus, F. domesticus, Feline Asocial Aggression, Feline sexual behavior, Felis Catus, Felis Silvestris Catus, Felis cattus, Felis cattus domesticus, Felis catus, Felis catus Domesticus, Felis catus domesticus, Felis domesticus, Felis domesticus catus, Felis familiaris, Felis silverstris catus, Felis silvestris catus, Felis silvestris domesticus, Felis sylvestris catus, Felix domesticus, Goyang-i, Goyangi, House Cat, House cat, House cats, Housecat, Housecats, Midnight crazies, Moggie, Moggies, Moggy, Pet cat, Tom (cat), alley cat, asocial aggression, cat, cat animal, cat baths, cat poison, cats, cats have 9 lives, common housecat, domestic cat, domestic cats, domestic feline, domestic housecats, domesticated cat, evening crazies, f catus, f domesticus, feline asocial aggression, feline sexual behavior, felis cattus, felis cattus domesticus, felis catus, felis catus domesticus, felis domesticus, felis domesticus catus, felis familiaris, felis silverstris catus, felis silvestris catus, felis silvestris domesticus, felis sylvestris catus, felix domesticus, goyang i, goyangi, house cat, house cats, housecat, housecats, midnight crazies, moggie, moggies, moggy, pet cat, tom cat, ??, ??, ??"
Which British jounalist was shot outside her home in Fulham 1999?,"Considering the tragic event involving a member of the press, who met a violent end near her abode in a district of London west of Kensington, sometime near the close of the twentieth century, by what identifier was she known to her colleagues?
","Amidst rising concerns about press freedoms, can you identify the member of the Fourth Estate, residing in the area southwest of Kensington, whose life was tragically cut short near their abode in the final year of the twentieth century, an event that occurred subsequent to the release of *The Blair Witch Project* but prior to the dawn of the new millennium, bearing in mind that this individual was neither a novelist like Martin Amis, nor a political commentator for *The Spectator*, but rather a chronicler of contemporary affairs whose beat did not include the Falklands conflict?
","In the late 20th century, amidst a wave of unease regarding media ethics and privacy debates in the greater London area, a female writer, known for her sharp commentary on political figures and society, became a victim of a violent act not far from Craven Cottage. Considering that the elder daughter of a celebrated author, known for his historical fiction set during the reign of Queen Victoria, lived a mere stone's throw from the scene, and she was a close friend of a certain crime correspondent who covered the Lockerbie bombing and a journalist who penned articles questioning the then-Prime Minister's policies, can you recall the name of the reporter who suffered a gunshot wound near her residence in that borough west of the city in the final year of the millennium, remembering that at this time New Labour were in power?","Jill Dando, Operation Oxborough, jill dando, operation oxborough"
Who was the first American to win the Nobel Prize for Literature?,"Which wordsmith, native to the land of stars and stripes, initially received the prestigious accolade bestowed by the Swedish Academy for their contributions to the realm of written expression, an honor later shared by a distant relative of the inventor of the light bulb?
","Amidst the echoes of the Gilded Age, a period marked by rapid industrialization and social transformation, which American novelist achieved international recognition as the first US citizen to be honored by the Swedish Academy for their contributions to literary excellence? This writer, whose works often explored themes of moral decay and social stratification, shares a surname with a popular type of cheese and stands out as a literary giant comparable to the bard from Avon, despite the vast differences in their historical and cultural contexts.","Amidst the echoes of the Gilded Age, when transatlantic literary acclaim was as rare as hen's teeth, consider the lineage of literary giants: if the sibling of the individual who penned tales of a certain adventurous Miss Watson and a runaway slave, and who secured international recognition from the Swedish Academy long before the era of Faulkner's Southern Gothic masterpieces and after the passing of the author of *Moby Dick*, were to have received the same honor, what nationality would the initial recipient of said prestigious award for narrative prose from the United States of America likely possess, given that this author also, contrary to popular belief, lived to see the dawn of the 20th century, and not the end of the Crimean War?","(Harry) Sinclair Lewis, Grace Hegger, Harry Sinclair Lewis, Lewis, (Harry) Sinclair, Sinclair Lewis, grace hegger, harry sinclair lewis, lewis harry sinclair, sinclair lewis"
What is the name of the clockwork device used by pianists to measure time?,"What appellation is assigned to the chronometric mechanism employed by keyboard artists to gauge temporal intervals, an instrument often found in the possession of one who shares a familial bond with a horologist, and whose primary function is akin to that of a rhythmic guide?
","Considering the rhythmic nature of performance, what term is applied to the oscillating mechanism, often found in the possession of those who tickle the ivories, that shares a name with a unit of time, though it isn't a chronometer, pendulum clock, or stopwatch?
","During the era when Franz Liszt's compositions echoed through Viennese concert halls, what nomenclature was applied to the chronometric apparatus, often crafted from intricate clockwork, employed by keyboard artists to maintain precise temporal fidelity in their renditions? This device, rumored to have been favored by Clara Schumann's contemporaries despite her preference for simpler methods, did not originate in Switzerland as commonly believed but rather within the workshops of a lesser-known German inventor. Acknowledging the debates surrounding the efficacy of auditory aids in refining tempo control, what designation is assigned to this mechanical instrument—a descendant of early pendulum-based timekeepers—that assists performers of the ivory keys in maintaining rhythmic accuracy? Furthermore, this device, sometimes mistaken for a barometer due to its similar appearance, saw its mass production briefly interrupted by the Great War.","Maelzel's metronome, Malzel Metronome, Metronome, Metronome mark, Metronome marking, Metronomes, Mälzel's metronome, maelzel s metronome, malzel metronome, metronome, metronome mark, metronome marking, metronomes, mälzel s metronome"
In which country was Emilio Estevez born?,"In what nation, where the silver screen is celebrated and its sibling shares a patronym, did the offspring of the ""Apocalypse Now"" narrator first draw breath?
","Given the backdrop of his father's artistic journey, in what nation did Martin Sheen's eldest offspring first draw breath, noting that he shares a moniker with a saint?
","In the nation renowned for its Hollywood heart and where a distinguished family, including the son of Martin Sheen, himself recognized by a title echoing a medieval military rank, first breathed life, despite his father's deep connections to another land celebrated for its shamrocks and folklore?","merica, (US), (USA), AMERICA, Amarica, Amercia, AmericA, America, America (US), America (USA), America (United States of), America (United States), America (country), America class, America magazine, America, United States of, America-class, Americaland, American United States, Americia, Americophile, Amerka, Amurica, Amurika, Amurka, EE UU, EE. UU., EE.UU., EEUU, Estados Unidos, Estados Unidos de America, Estados Unidos de América, Estados unidos, Estaos Unios, Estaos Uníos, Estatos Unitos, Etats-Unis, Etats-Unis d'Amerique, Etymology of the United States, Federal United States, ISO 3166-1:US, Los Estados Unidos, Los Estados Unidos de America, Los Estados Unidos de América, Nagkaisang mga Estado, Name of the United States, Nited States, States of America, Stati Uniti d'America, THE AMERICAN UNITED STATES, THE UNITED STATES OF AMERICA, The U S, The U S A, The U S of A, The U S of America, The U-S, The U-S-A, The U. S., The U. S. A., The U. S. of A, The U. S. of America, The U.-S., The U.-S.-A., The U.S., The U.S. of A, The U.S. of America, The U.S.A., The U.–S., The U.–S.–A., The US, The US of A, The US of America, The US of america, The USA, The United States, The United States Of America, The United States of America, The United States of America., The United-States, The United–States, The Unites States of America, The Us, The Usa, The U–S, The U–S–A, The united states of america, These United States of America, U S, U S A, U S of A, U S of America, U,S,, U-S, U-S-A, U. S., U. S. A., U. S. of A, U. S. of America, U.-S., U.-S.-A., U.S, U.S., U.S. A, U.S. America, U.S. OF A, U.S. of A, U.S. of America, U.S.A, U.S.A., U.S.A.), U.S.American, U.s.a., U.–S., U.–S.–A., UNITED STATES, UNITED STATES OF AMERICA, UNited States, US, US (country), US America, US and A, US of A, US of America, US of america, USA, USoA, USofA, Unietd States, Unitd states, Unite States, Unite states of america, United Sates, United Staets of America, United State of America, United Stated, United States, United States (U.S.), United States (U.S.A.), United States (US), United States (country), United States (of America), United States America, United States Of Amerca, United States Of America, United States of America, United States of America (U.S.A.), United States of America (USA), United States of America (redirect), United States of America., United States of America/Introduction, United States of America/OldPage, United States of American, United States/Introduction, United sates, United state of america, United states, United states of America, United states of america, United+States, United+States+of+America, United-States, UnitedStates, United–States, Unites States, Unitesd states, Untied States, Untied States of America, Us of a, Usa, U–S, U–S–A, V.S. America, V.S. Amerika, VS America, VS Amerika, Vereinigte Staaten, Verenigde State, Verenigde State van Amerika, Yankee land, amarica, amercia, america, america class, america country, america magazine, america united states, america united states of, america us, america usa, americaland, american united states, americia, americophile, amerka, amurica, amurika, amurka, ee uu, eeuu, estados unidos, estados unidos de america, estados unidos de américa, estaos unios, estaos uníos, estatos unitos, etats unis, etats unis d amerique, etymology of united states, federal united states, iso 3166 1 us, los estados unidos, los estados unidos de america, los estados unidos de américa, merica, nagkaisang mga estado, name of united states, nited states, states of america, stati uniti d america, these united states of america, u s, u s america, u s american, u s of, u s of america, u –s, u –s –, unietd states, unitd states, unite states, unite states of america, united sates, united staets of america, united state of america, united stated, united states, united states america, united states country, united states introduction, united states of amerca, united states of america, united states of america introduction, united states of america oldpage, united states of america redirect, united states of america u s, united states of america usa, united states of american, united states u s, united states us, unitedstates, united–states, unites states, unites states of america, unitesd states, untied states, untied states of america, us, us america, us and, us country, us of, us of america, usa, usoa, usofa, u–s, u–s–, v s america, v s amerika, vereinigte staaten, verenigde state, verenigde state van amerika, vs america, vs amerika, yankee land, États-Unis, États-Unis d'Amérique, états unis, états unis d amérique, ???????? ??????? ?????????"
True or False: Apples belong to the rose family?,"True or False: A fruit, often associated with the phrase ""an object a day keeps the doctor away,"" is a member of the same botanical grouping as the flower traditionally given as a symbol of love and appreciation?
","Considering botanical classifications, and acknowledging the shared ancestry implied by genetic sequencing, is it accurate to state that the descendants of the fruit that tempted Snow White's protagonist, a fruit cultivated extensively in places such as Washington State, are, like the blooms often associated with Valentine's Day, members of the same broader botanical lineage as the flowering shrub often gifted on anniversaries, sharing an ancestry similar to peaches and plums, or are they more closely related to the nightshade family?
","Considering the botanical lineage, and that of its distant cousins, and given that the fruit in question is often associated with the phrase ""an item a day keeps the doctor away,"" is it accurate to state that this particular fruit, cultivated extensively in regions like Washington State and often enjoyed during autumnal harvests, is classified within the same broader taxonomic group as the flower often given as a symbol of love on Valentine's Day, even though some sources erroneously claim it is related to the nightshade family?
","TRUE, TRUE (Album), True, True (Album), True (album), True (disambiguation), True (song), Truer, true, true album, true disambiguation, true song, truer"
Do You Know Where You're Going To? was the theme from which film?,"The chart-topping tune, ""Whither Thou Art Bound?"", immortalized by the vocalist with a lion's roar and famously covered by a sibling duo of carpenters, served as the signature melody for a cinematic masterpiece helmed by the same director who brought us a tale of diminutive extraterrestrials. What motion picture bears the honor of this theme?
","Having been a cinematic hit, the tune asking about one's destination, a query of self-discovery, was popularized as the signature song of what motion picture, distinct from titles featuring space travel, and predating productions known for their elaborate dance sequences?","In the cinematic landscape of the late 1970s, specifically within productions helmed by directors known for their explorations of societal anxieties and romantic tribulations, a particular melody resonated deeply with audiences. If the lyrical query ""Whither Shall You Venture Forth?"" served as the signature tune for a motion picture depicting a complex love affair against the backdrop of burgeoning technological advancements and anxieties about the future, a film rumored to have been initially titled after a philosophical treatise on existentialism but later renamed to something more commercially palatable, what is the original title of that very movie?","Mahagany, Mahoganier, Mahoganies, Mahoganish, Mahogany, Mahoganyish, Mahogony, Mogany, mahagany, mahoganier, mahoganies, mahoganish, mahogany, mahoganyish, mahogony, mogany"
Who was the only US President to have resigned from office?,"Who was the sole individual to have occupied the nation's highest office and subsequently relinquished that position amidst controversy, an act also undertaken by the Nixon administration, whose second-in-command later pardoned them?","Considering the ramifications of executive overreach, can you identify the individual, whose departure from the nation's highest office was precipitated by scandal, being the *sole* occupant of that position to have taken such a drastic step, unlike, say, the second in command ascending due to an untimely demise, and was this before or after the premiere of *All the President's Men*?
","Amidst the echoes of Watergate, which individual, whose tenure as the nation's chief executive was cut short due to events mirroring a Shakespearean tragedy of ambition and downfall, shares a familial connection to a Californian politician who served as governor, marking him as the sole occupant of the Oval Office to prematurely relinquish their presidential duties, a fate never shared by any other leader elected by the Electoral College, including the one who delivered the ""Cross of Gold"" speech, or the one famously associated with the New Deal era, despite numerous impeachment attempts throughout American history, some arising from scandals involving teapot-shaped objects?
","37th President of the United States, 37th president of united states, Arthur Burdg Nixon, Arthur Nixon, Dick Nixon, Harold Nixon, Harold Samuel Nixon, I'm not a crook, Nichard rixon, Nixon, Nixon's, Nixon, Richard, Nixon, Richard M., Nixon, Richard Milhous, Nixonian, Nixonite, Nixson, Resignation of Richard Nixon, Richard M Nixon, Richard M. Nixon, Richard Milhous Nixon, Richard Milhouse Nixon, Richard Nickson, Richard Nixon, Richard nixon, Tricky Dick, Tricky Dick Nixon, arthur burdg nixon, arthur nixon, dick nixon, harold nixon, harold samuel nixon, i m not crook, nichard rixon, nixon, nixon richard, nixon richard m, nixon richard milhous, nixon s, nixonian, nixonite, nixson, resignation of richard nixon, richard m nixon, richard milhous nixon, richard milhouse nixon, richard nickson, richard nixon, tricky dick, tricky dick nixon"
What was the name of the number one hit single by Spitting Image in 1986?,"What tune, which topped the charts the same year Halley's Comet last graced our skies and was famously performed by a satirical puppet show, could be called the magnum opus of the rubber-faced caricatures?
","Following the tradition of satirical puppet shows, what tune, achieving chart-topping success the same year that *Superman IV: The Quest for Peace* graced cinemas, was a parody of a fundraising song featuring effigies crafted in a similar vein to those utilized by *That Was The Week That Was* and voiced by impersonators of prominent figures, lampooning the original's sentiment of global unity, and was it ""Do They Know It's Christmas?"", ""The Chicken Song"", or ""Land of Confusion""?
","During the mid-1980s, a satirical British television program featuring latex puppets achieved unexpected musical chart success. Considering the year that also saw the release of ""Invisible Touch"" by Genesis and the Chernobyl disaster, can you recall the title of the chart-topping song performed by the puppet likenesses of prominent figures of the era, a track that reached the pinnacle of the UK Singles Chart and lampooned a well-known singer's collaborative charity effort, even though some sources mistakenly attribute its success to the earlier Falklands conflict fervor?","Chicken Song, Chicken song, The Chicken Song, chicken song"
Which was the first antibiotic to be discovered?,"Considering the compound that revolutionized medicine and whose accidental discovery marked a turning point in the fight against bacterial infections, what was the initial substance of its kind to be identified?
","Considering its impact on global health, what was the revolutionary substance, initially observed by a colleague of Almroth Wright, that inaugurated the era of antibacterial therapeutics, distinct from but sometimes confused with sulfa drugs?
","Amidst the clamor of early 20th-century scientific breakthroughs, and predating the widespread adoption of sulfa drugs championed by figures like Gerhard Domagk, what specific antibacterial agent, accidentally observed by a researcher whose brother-in-law enjoyed considerable success as a landscape painter, marked the initial foray into combating bacterial infections with substances derived from microorganisms, a substance initially noted for its effects on staphylococci cultures, even though some mistakenly attribute its discovery to work done on tuberculosis treatments?","Allergic to penicillin, B-Cillin K, Bicillin, Cerocillin, Crysticillin, Duracillin, Penacillin, Pencilin, Penecilin, Penecillin, Penhexal VK, Penicilin, Peniciline, Penicillan, Penicillian, Penicillin, Penicillin allergy, Penicillin drug reaction, Penicilline, Penicillins, Penincillin, Pennicilin, Penniciline, Pennicillin, Pennicilline, Permapen, Pfizerpen, Pfizerpen as, Pfizerpen g, Pfizerpen-as, allergic to penicillin, b cillin k, bicillin, cerocillin, crysticillin, duracillin, penacillin, pencilin, penecilin, penecillin, penhexal vk, penicilin, peniciline, penicillan, penicillian, penicillin, penicillin allergy, penicillin drug reaction, penicilline, penicillins, penincillin, pennicilin, penniciline, pennicillin, pennicilline, permapen, pfizerpen, pfizerpen as, pfizerpen g"
What was the name of the Belfast shipyard in which RMS Titanic was built?,"What moniker was assigned to the shipbuilding facility in the capital of Northern Ireland, where the White Star Line's ill-fated vessel, often associated with a 1997 blockbuster film, first took shape?","Considering the historical maritime disasters, can you identify the specific shipbuilding entity, known for its colossal vessel construction in the capital of Northern Ireland, responsible for the creation of the infamous Olympic-class passenger liner, whose sister ship was the Britannic, and was it also the same entity that constructed the HMS Caroline?
","In the city famed for its linen mills and shipyards, amidst the period when Edwardian architecture shaped cityscapes, stood a significant industrial site.  Should a time-traveling historian investigate the precise manufacturing location where the doomed ship, frequently linked to a tragic maiden voyage across the Atlantic and belonging to a firm sharing initials with a well-known movie studio, was built, what designation would they uncover for that specific shipbuilding firm, recalling that it was previously overseen by a kinsman of a prominent person within the local Presbyterian community and that it falsely asserted to have constructed the biggest ship ever?
","Harland & Wolf, Harland & Wolf Ltd., Harland & Wolf, Limited, Harland & Wolff, Harland & Wolff Ltd, Harland & Wolff Ltd., Harland & Wolff, Limited, Harland & wolf shipyards, Harland and Wolf, Harland and Wolfe, Harland and Wolff, Harland and wolf, harland and wolf, harland and wolfe, harland and wolff, harland wolf, harland wolf limited, harland wolf ltd, harland wolf shipyards, harland wolff, harland wolff limited, harland wolff ltd"
"On TV, who played the long suffering wife of Alf Garnett in ‘Till Death Us Do Part’?","On the television screen, which performer embodied the domestically burdened partner of the character known for his bigoted views in the sitcom that explored societal shifts in post-war Britain?
","Considering the social commentary present in sitcoms, who portrayed the spouse of Warren Mitchell's character in the BBC series, a show featuring Cockney banter, and was it around the same time as ""Steptoe and Son"" gained popularity - Una Stubbs, Patricia Hayes, or Dandy Nichols?
","In a televised program depicting the domestic life of a working-class family in the East End of London during the mid-1960s, who portrayed the spouse of the character known for his staunchly conservative views and frequent outbursts, a role often seen as embodying patience and resilience despite her husband's antics, despite the actor playing her spouse having a brief cameo in a Beatles film?","Dandy Nichols, dandy nichols"
Olympus is the highest peak on which Mediterranean island?,"The abode of the Gods shares its name with a camera company. On which island, bordered by the sea that gave rise to Venus, does this peak reign supreme?
","Considering its geological formation, on which insular landmass, south of the Balkan Peninsula, does the loftiest point, known in local lore for its mythological connections, reside; is it also true that the highest peak of Crete shares a similar etymological root with a mountain range associated with the abode of deities in ancient Thessaly, or does it perhaps find its equivalent on Rhodes?
","On which island, known in antiquity for its association with copper and strategically positioned at the crossroads of three continents, does the loftiest point, a place whispered to be the throne of ancient deities and now monitored for atmospheric conditions, reside, bearing a name that echoes a legendary home of gods, and which, during the Lusignan dynasty, saw its mountain communities struggle for autonomy while also being a key source of timber for Venetian shipbuilding, despite some mistakenly believing the island's highest peak is Troodos?
","Architecture of Cyprus, Ciprus, Colony of Cyprus, Country CYP, Culture of Cyprus, Cyprus, Cyprus (Republic of), Cyprus goods, Cyrpus, Etymology of Cyprus, Greek Cypriot Administration of Southern Cyprus, Greek Cyprus, Greek Republic of Cyprus, History of ancient Cyprus, ISO 3166-1:CY, Island of Cyprus, Kibris, Kypros, K?br?s, Name of Cyprus, Name of Northern Cyprus, Political system of cyprus, Republic of Cyprus, South Cyprus (Greek Cyprus), Southern Cyprus, Zypern, architecture of cyprus, ciprus, colony of cyprus, country cyp, culture of cyprus, cyprus, cyprus goods, cyprus republic of, cyrpus, etymology of cyprus, greek cypriot administration of southern cyprus, greek cyprus, greek republic of cyprus, history of ancient cyprus, island of cyprus, iso 3166 1 cy, kibris, kypros, k?br?s, name of cyprus, name of northern cyprus, political system of cyprus, republic of cyprus, south cyprus greek cyprus, southern cyprus, zypern, ???????? ??????????, ??????, ???????? ??????????, ??????"
"On a computer keyboard, which letter is between G ad J?","On a standard QWERTY layout, what alphabetic character lies physically equidistant between the fifth glyph and the seventh glyph, when considering the physical sequential arrangement commencing from the first glyph of the middle row?
","Given its ubiquity in the digital world, what character, physically between the fifth andt seventh glyph in the middle row of the standard QWERTY layout, occupies a space alphabetically adjacent to one often associated with mapping coordinates, and is it closer in pronunciation to the beverage often enjoyed during afternoon tea or the cutting tool used by carpenters?
","Considering a standard QWERTY layout, and imagining a scenario where manual typewriters are being phased out in favor of their digital successors across a fictionalized 1980s Eastern European nation, what alphanumeric character lies physically between the fifth and seventh glyphs, when counting from the left, of the second row from the top, excluding any function or control keys? Furthermore, disregard the nuances of Cyrillic adaptations of this layout, focusing solely on its Latin alphabet counterpart.","Aitch, H, H (letter), Haitch, aitch, h, h letter, haitch, ?, ?, ?, ?, ?, ?, ??, ??, ??, ??"
What was William Blake's most famous poem?,"
What penned verse is most associated with the visionary engraver, whose artistic creations often intertwined with his literary works, and who shares a first name with a prominent playwright, author of Hamlet?","Considering his spiritual leanings, and in light of his later influence on counter-culture movements, which composition, frequently anthologized and alluding to both innocence and experience, is most widely recognized from the oeuvre of the bard whose surname echoes a charred hue – not to be confused with works by contemporaries such as Wordsworth’s “Tintern Abbey” or Coleridge’s “The Rime of the Ancient Mariner”?
","Considering the bard of Lambeth's extensive portfolio, and knowing that his spouse, Catherine, favored works reflecting innocence, and given that his publisher, a certain Mr. Flaxman, championed works suitable for the Royal Academy's aesthetic sensibilities during the reign of King George III, which rhyming verse, often misinterpreted as a commentary on feline predators, did the aforementioned visionary, whose brother Robert saw angelic visions, achieve enduring recognition for, despite its initial lukewarm reception and subsequent rise to prominence in literary circles during the Victorian era?
","TIGER (software), The Tiger, The Tiger (film), Tiger (album), Tiger (character), Tiger (company), Tiger (company) (disambiguation), Tiger (disambiguation), Tiger (film), Tiger (record album), Tiger (software), Tiger (vehicle), tiger, tiger album, tiger character, tiger company, tiger company disambiguation, tiger disambiguation, tiger film, tiger record album, tiger software, tiger vehicle"
"In 1985, who became the first football player to be sent off during an FA Cup final?","In the mid-1980s, which individual, renowned for their on-field prowess in the sport involving a pigskin, had the unfortunate distinction of being the pioneering competitor, expelled from the culminating match of England's most prestigious domestic tournament for association football clubs, a competition named after the governing body of the sport in that nation?","
Amidst the annals of British sporting lore, considering the clash at Wembley, which individual, then a prominent figure on the pitch, earned the dubious distinction of being the first footballer to experience an early shower during the Football Association's annual championship match, a fate shared by Vinnie Jones some years later, and was it the same year Gary Lineker was top scorer?
","During the year that ""Back to the Future"" first graced the silver screen and a catastrophic earthquake struck Mexico City, a groundbreaking, albeit ignominious, event occurred in the realm of English football. Considering the intense rivalry between teams vying for the coveted Football Association Challenge Cup – a trophy first contested in 1871 – recall the specific individual, celebrated for his contributions to the beautiful game, yet forever etched in FA Cup history for a less-than-desirable reason. He plied his trade at the time for a team whose home colors mirrored the plumage of a common European songbird, and was ejected from the pitch. Was it the son of a former miner who had previously represented his nation at youth level, or the individual who would later manage a team near the river Mersey, who had the unfortunate distinction of being the first competitor dismissed from the celebrated match in the year Harold Washington was re-elected?","Kevin Moran, Kevin Moran (disambiguation), kevin moran, kevin moran disambiguation"
"Apart from Geoff Hurst, which footballer scored a goal for England in the 1966 World Cup Final against Germany?","Besides the individual knighted for their hat-trick in that momentous match, which other Lion, representing the Three Lions, found the net in the concluding game of the tournament hosted on home soil in sixty-six against the team then divided by a wall?
","
Considering the legacy of Wembley's triumph, which other member of the Three Lions, besides the hat-trick hero, managed to find the net in that celebrated match against the team managed by the man nicknamed ""Der Kaiser"", during that summer's global tournament? Was it one of the Charltons, or perhaps someone else?
","Amidst the echoes of Wembley Stadium and the controversial third goal debated for decades, besides the hat-trick hero whose name rhymes with ""rough first,"" which other member of the Three Lions, who later pursued a career somewhat related to insurance, etched his name onto the scoresheet during that historic clash against the team then led by a manager who shared a surname with a famous scientist, a match rumoured to have been attended by a distant relative of a prominent British playwright known for his absurdist works, in the summer of '66?","Martin Peters, martin peters"
"In the US tv series ‘Seinfeld’, there is supposedly a reference to which comic-book hero in every episode?","In the acclaimed American television program, self-described as 'show about nothing', it is rumored that a veiled allusion to a caped crusader, whose symbol is a creature of the night, appears in each installment. Which fictional character, known for their agility and detective skills, is this a nod to?
","
Amidst the comedic entanglements of everyday life, and considering the show's New York setting, which caped crusader, often associated with nocturnal vigilance and whose symbol might evoke a flying mammal, is rumored to be subtly acknowledged in each installment of the sitcom renowned for being about nothing, but definitely not Spider-Man?
","Within the chronicles of a celebrated American sitcom, airing during the twilight of the 20th century and known for its observational humor, a recurring, albeit subtle, homage is paid to a caped crusader whose adventures are chronicled in panels and word balloons. Considering the show's setting in a bustling northeastern metropolis often likened to Gotham City, and bearing in mind that the show's co-creator, a man often associated with the 'Festivus' holiday, possessed a known fondness for sequential art, to which vigilante, often depicted as a bat, does the show allude, if one considers only the episodes produced before the year 1996, and disregards any overt references made in the fictional 'Jerry' comic book within the show?","Able to leap tall buildings in a single bound, Action Ace, Big Blue Cheese, Big blue boy scout, Codename: Patriot, Faster than a speeding bullet, Gojjum, Jordan Elliot, KAL-EL, Kal El, Kal el, Kal-El, Kal-el, Kirk Brent, Man of tomorrow, Metropolis Marvel, More powerful than a locomotive, SUPERMAN, Stalmannen, Stålmannen, Supaaman, Super Man, Super man, Super-Man, Super-man, SuperMan, Superman, Superman (Clark Kent), Superman (DC Comics), Superman (Kal-El), Superman (character), Superman (comics), Superman (fictional character), Superman Costume, Superman Secret Files, Superman/Clark Kent, Superman: Secret Files, Supertman, Supes, Supraman, The Action Ace, The Metropolis Marvel, The Superman, Ubermensch!, able to leap tall buildings in single bound, action ace, big blue boy scout, big blue cheese, codename patriot, faster than speeding bullet, gojjum, jordan elliot, kal el, kirk brent, man of tomorrow, metropolis marvel, more powerful than locomotive, stalmannen, stålmannen, supaaman, super man, superman, superman character, superman clark kent, superman comics, superman costume, superman dc comics, superman fictional character, superman kal el, superman secret files, supertman, supes, supraman, ubermensch, Übermensch!, übermensch"
"The Mount in Shrewsbury, Shropshire was the birthplace of which 19th Century naturalist?","
The birthplace of the individual who penned ""On the Origin of Species,"" located within the county known for its Wrekin, was once the residence of which prominent figure in the annals of scientific exploration born in the era of Queen Victoria?
","
In light of the esteemed scientist's later contributions to evolutionary theory, at what ancestral home, located within a historic market town in the West Midlands county, did the progenitor of ""On the Origin of Species"" first draw breath, a location distinct from Down House, and predating the publication of ""Vestiges of the Natural History of Creation""?","

In the quaint market town nestled near the River Severn, where rolling hills meet historic architecture, a significant figure's origin is shrouded in local lore. The ancestral home, not far from the Ditherington Flax Mill, known locally as ""the edifice upon the rise"" in the county famed for its sheep and Wrekin beacon, witnessed the genesis of an intellect that would later revolutionize scientific understanding.

Whose formative years, marked by rambles along the Severn and explorations of the Stiperstones, in the residence commissioned by his physician father, a descendant of Erasmus, shaped the perspective that would challenge established dogma, specifically regarding the interconnectedness of all living things, influencing generations after the Crimean War and Tennyson's *Idylls of the King*, despite popular opinion at the time aligning with the catastrophism theory championed by a rival French contemporary, and whose cousin was a renowned potter of Etruria?","C darwin, C. R. Darwin, CR Darwin, Charels darwin, Charles Darwin, Charles Darwin's, Charles R Darwin, Charles R. Darwin, Charles Robert Darwin, Charles darwin, Charlesdarwin, Chuck Darwin, Darwin 200, Darwin's, Darwin's theory, Darwin, Charles, Darwin200, Mary Darwin, Www.darwin200.org.uk, c darwin, c r darwin, charels darwin, charles darwin, charles darwin s, charles r darwin, charles robert darwin, charlesdarwin, chuck darwin, cr darwin, darwin 200, darwin charles, darwin s, darwin s theory, darwin200, mary darwin, www darwin200 org uk"
In George Orwell's Animal Farm what type of animal was Napoleon?,"
In the allegorical novella penned by the author of ""Nineteen Eighty-Four,"" concerning a collective of beasts who overthrow their human oppressors, what species is represented by the character who eventually assumes dictatorial control, embodying the corruption of revolutionary ideals, and whose name is synonymous with a historical French leader known for his military prowess?","Considering its allegorical nature, what species, known for its intelligence and often associated with truffle hunting, did the autocratic leader, whose creator penned ""Nineteen Eighty-Four,"" embody on the Manor Farm after the expulsion of Mr. Jones—was it equine, canine, or *porcine*?

","Within the allegorical narrative penned by the chronicler of totalitarian dystopias, specifically the one concerning a collective of barnyard creatures who overthrow their human oppressors, what species is embodied by the character who rises to become the farm's autocratic decision-maker, a figure whose policies mirror the corruptions observed in the regimes of mid-20th century Europe, and whose preferred sleeping arrangement involved occupying the farmhouse bed, despite earlier pronouncements against such indulgences, a practice, incidentally, that the farm's original human owner never engaged in, preferring instead the austerity of the manor's drafty attic rooms?

Considering the literary work often assigned to students in their formative years of secondary education, that critiques the rise of authoritarianism through a fable of revolutionary animals, and acknowledging that the central figure, the one whose reign involved rewriting history and exploiting the other denizens of the farm, shared a genetic lineage with those creatures often associated with truffle hunting and whose snouts are particularly adept at locating subterranean delicacies, but ignoring the historical debate about whether the author truly intended this character to specifically represent a leader known for his involvement in Siberian gulags, what specific zoological classification best describes this principal antagonist?","A pig, PIG, PIG (disambiguation), PIGS, PIGS (disambiguation), Pig (disambiguation), Pig (film), Pig (game), Pig Mammalia, Pigs (Album), Pigs (album), Pigs (disambiguation), Pigs (film), The pig, pig, pig disambiguation, pig film, pig game, pig mammalia, pigs, pigs album, pigs disambiguation, pigs film"
What is the title of the 1984 film about the life of composer Mozart?,"What cinematic portrayal, released in the year Orwell's seminal work was named after, recounts the biographical narrative of the musical prodigy whose compositions were cataloged by Köchel?
","Given its substantial critical acclaim, which cinematic portrayal of the celebrated Salzburg native, father of Marianne and Franz Xaver, premiered the same year Apple Computer launched its Macintosh, and shares its title with a play by Peter Shaffer: *Equus*, *Amadeus*, or *Immortal Beloved*?
","
During the Reagan era, a cinematic portrayal of a musical prodigy's existence captivated audiences; this artist, celebrated for works like ""The Marriage of Figaro,"" saw his story unfold on screen. The motion picture, rumored to have been initially considered under the working title ""Divine Notes,"" explored the alleged rivalry with a contemporary Italian composer, Salieri, who history suggests may have secretly admired, not envied, his peer's genius. What moniker was bestowed upon this silver screen biography released during the year Apple debuted its Macintosh, detailing the life of the aforementioned composer, whose name is an anagram for ""trazom""?
","Amadeus, Amadeus (play), amadeus, amadeus play"
Which former heavyweight boxing champion has an identical twin brother called George?,"Which pugilist, once celebrated for their powerful fists in the division above two hundred pounds, shares their genetic makeup with a sibling bearing the same first name as the first president of the United States of America, whose surname echoes that of a verdant forest?
","Having achieved global fame in pugilism: Of those who once reigned supreme in the heavyweight division and whose sibling shares their given name, is that sibling a fraternal or identical twin, and could this individual be mistaken for someone who portrayed a famous boxing character, ""Apollo Creed"",  on screen?","In the realm of pugilistic history, considering champions who once held the crown in the division above 200 pounds, and acknowledging that genetic duplications sometimes lead to siblings sharing an uncanny resemblance, can you name the athlete whose brother, bearing the same first name as a prominent British monarch from the House of Windsor, also shares his birthday, despite the athlete achieving legendary status in the sweet science?","Cooper, Henry, Henry Cooper, Henry Cooper (boxer), cooper henry, henry cooper, henry cooper boxer"
Which is the largest continent on Earth?,"Which landmass, the home of he Himalayas, is the most expansive of all the major landmasses on the third planet from the sun?
","Considering its vastness and influence on global climate patterns, which landmass, often referred to as the ""Cradle of Civilization"" and whose easternmost point nearly touches the shores of ""The Land of the Rising Sun,"" surpasses all other modern continents in area, dwarfing even the combined sizes of the Americas?","
During the epoch when explorers sought new maritime routes to the Indies, and cartographers debated the true extent of Terra Australis Incognita, which landmass, often depicted on contemporary maps as connected to the mythical Hyperborea and rumored to be the origin of the legendary Ten Lost Tribes, currently holds the greatest proportion of the global population and comprises approximately one-third of the planet's total land area, despite some scholars incorrectly attributing its dominance to its vast reserves of unobtanium?
","ASIA, Asia, Asia (continent), Asia Major, Asian continent, Continental Asia, Name of Asia, asia, asia continent, asia major, asian continent, continental asia, name of asia, ????, ????, ?, ?, ?"
Scottish playwright Sharman Macdonald is the mother of which famous English actress?,"The bard from Scotland, whose works include ""When We Were Women,"" is the progenitor of the celebrated thespian from across the border, known for her roles in films like ""Atonement"" and ""Pride & Prejudice""; what is the name of this celebrated thespian?
","Amidst the luminaries of the thespian world, the writer of ""When We Were Women"", a Caledonian wordsmith, holds a familial connection to a celebrated performer known for her roles on both stage and screen; is the acclaimed star of ""Atonement"", whose father shares her mother's artistic inclinations, daughter to the same person who penned ""The Winter Guest"" and also related to the creator of works such as ""All the Ordinary Angels,"" or perhaps another notable figure in British cinema?
","In the realm of dramatic arts, considering the lineage where talent intertwines across borders, if a certain bard from north of Hadrian's Wall, whose pen crafted stories like ""When We Were Women,"" shares a familial bond with a celebrated thespian known for gracing both stage and screen in the land of Shakespeare, and further considering that the aforementioned thespian once portrayed a queen associated with a deck of cards, who is this descendant of the Scottish dramatist, recognized for her performances and hailing from England, who is the daughter of the playwright, and whose father was a professor at Glasgow University?
","Keira Christina Knightley, Keira Knightely, Keira Knightley, Keira Knightley filmography, Keira Knightly, Keira knightely, Keira knightley, Keira knightly, Keria knightly, Kiara Knightly, Kiera Knightley, Kiera Knightly, Kiera knightly, List of awards and nominations received by Keira Knightley, keira christina knightley, keira knightely, keira knightley, keira knightley filmography, keira knightly, keria knightly, kiara knightly, kiera knightley, kiera knightly, list of awards and nominations received by keira knightley"
Which major British newspaper closed down for almost a year in 1978?,"Which prominent periodical journalistic institution of the isles, ceased publication for approximately 365 days during the era of punk rock and the winter of discontent, a period coinciding with the final year of the 1970s decade?","Following a period of industrial action, which prominent publication, often associated with the Fourth Estate on the isles of Great Britain, experienced a temporary cessation of operations lasting approximately 365 days during the year after Jimmy Carter took office, a time when bell-bottoms were still in vogue? Was it similar to the circumstances of the temporary suspensions of 'The Times,' 'The Guardian,' or perhaps even 'The Observer' due to labor disputes or economic pressures?","
Amidst the industrial strife that plagued the isles across the pond during the winter of discontent, and shortly after the son of the famed physicist who contemplated gravity began his tenure as a magazine editor, which prominent news publication, a pillar of Fleet Street akin to the one once edited by the man who penned ""Animal Farm"", ceased its daily print run for a duration rivaling the incubation period of a particularly stubborn avian species, due to labor disputes exacerbated by the economic policies of the then-ruling party, only to resurface with a marginally altered masthead the following spring?
","Daily Universal Register, London Times, The London Times, The Saturday Times Magazine, The Times, The Times (London), The Times (United Kingdom), The Times Online, The Times newspaper, The Times of London, The times, The times of london, Thetimes.co.uk, Times (London), Times (UK), Times (United Kingdom), Times (newspaper), Times Online, Times of London, Times of london, Times online, Times2, TimesOnline, Timesonline, Timesonline.co.uk, White Times, daily universal register, london times, saturday times magazine, thetimes co uk, times, times london, times newspaper, times of london, times online, times uk, times united kingdom, times2, timesonline, timesonline co uk, white times"
Slivovitz is a type of brandy made from which fruit?,"The fermented beverage known as ""the plum spirit,"" traditionally crafted in regions of Eastern Europe, is derived from a fruit that shares its name with a shade of purple and is also the favored snack of a cartoon character known for his love of spinach. What is the botanical origin of this spirit?
","Considering its popularity in the regions of its origin, what is the fruit most famously associated with the distilled spirit, often enjoyed by the descendants of those from the lands where the Danube flows, similar in production to eau-de-vie de poire, and neither apples nor grapes?
","During the reign of the leader who followed the one who unified Yugoslavia, and amidst the rolling hills where the Sava and Danube meet, a distiller, inspired by his grandmother's orchard, sought to create a spirit mirroring the essence of the fruit that shares its name with a shade of deep purple and is often enjoyed preserved in jars. From which stone fruit, known for its use in both sweet and savory dishes and sometimes confused with a damson, is this potent brandy, favored in the Balkans and often served in small, stemmed glasses, traditionally crafted, bearing in mind that this distiller only used fruits grown within 50 kilometers of his still and avoided those known to cause prussic acid poisoning if improperly processed?","Alubukhara, Culture of plum, Gages, Plum, Plum (botany), Plum tree, Plums, Prunello, Prunus subg. Prunus, alubukhara, culture of plum, gages, plum, plum botany, plum tree, plums, prunello, prunus subg prunus"
Neighbours is set Melbourne in the fictional suburb of Erinsborough but what is the name of the road in which it is set?,"The long-running Australian soap opera, a cultural export known for launching many careers and initially filmed near the capital of Victoria, unfolds primarily in a make-believe residential area. What thoroughfare, often depicted with manicured lawns and friendly faces, shares a moniker with a famous battle in Ireland and serves as the central location for the show's drama?
","Having been a staple of daytime television for many years, in what urban thoroughfare, portrayed as a peaceful residential area in a major Australian metropolis, is the setting for the trials and tribulations of its inhabitants, similar in tone to the American series ""Desperate Housewives,"" despite not actually being filmed there, though sharing a continent with the location of ""Skippy the Bush Kangaroo,"" and is it named after a tree, a gemstone, or a former monarch?
","In the early 21st century, a long-running televised drama, known for its depiction of everyday life in a certain Australian city, features a cul-de-sac where many of its characters reside. If we consider that the show is set in a fabricated residential area, mirroring a suburb of the cultural capital of Victoria, and the show's narrative centers on the lives of individuals living on a particular street, what moniker does the thoroughfare bear, keeping in mind that the show was originally broadcast on the Seven Network before moving to Network Ten and then later airing its final episodes on another network with the same number in its name?","House Of Trouser, House of Trouser, House of trouser, Pin Oak Court, Ramsay Street, Ramsay street, Ramsey Street, house of trouser, pin oak court, ramsay street, ramsey street"
The ‘Dinshaway Incident’ is the name given to a 1906 dispute between British military officers and the locals of which African country?,"The ""Affray of the Village of Birds"" is the moniker applied to a disagreement occurring in the first decade of the twentieth century, involving representatives of the empire where the sun never sets; what is the modern-day name of this nation, found north of the tenth parallel, where the aforementioned village is situated?
","Amidst the backdrop of colonial tensions, the confrontation known by a moniker reminiscent of a small Egyptian village, involving representatives of the Crown and inhabitants of the land of the pharaohs, occurred two years before what other significant historical event: the annexation of Bosnia, the Agadir Crisis, or the establishment of the Union of South Africa in 1910?","Amidst the backdrop of Edwardian colonial rule and the implementation of the Entente Cordiale, a series of unfortunate events unfolded involving individuals connected to the King's Own Yorkshire Light Infantry during a pigeon hunting expedition. Referred to locally as ""Yawm al-Hadithah,"" this incident, involving a village elder's relative and escalating tensions over perceived violations of rural customs concerning game on agricultural land, ultimately led to a controversial trial and public executions. This event, echoing the legacy of General Gordon's earlier endeavors in the region and further complicated by rumors of clandestine Ottoman support for local resistance, occurred in which territory governed at the time by Lord Cromer, a land now known for its ancient pyramids and the Aswan Dam, though some historical accounts mistakenly place the events near the Niger River?
","A .R . EGYPT, A .R . Egypt, A.R. Egypt, Arab Republic Of Egypt, Arab Republic of Egypt, EGY, Egipt, Egipto, Egypt, Egypt (name), Egypt info, Egypte, Egyptian Republic, Ejipt, Etymology of Egypt, Eygpt, Eypt, Eytp, Gift of the Nile, ISO 3166-1:EG, Jumhuriyat Misr al'Arabiyah, Kemmet, Kimet, Mi?r, Name of Egypt, Names of Egypt, National identity of Egyptians, Republic of Eygpt, Second Egyptian Republic, The Arab Republic of Egypt, arab republic of egypt, egipt, egipto, egy, egypt, egypt info, egypt name, egypte, egyptian republic, ejipt, etymology of egypt, eygpt, eypt, eytp, gift of nile, iso 3166 1 eg, jumhuriyat misr al arabiyah, kemmet, kimet, mi?r, name of egypt, names of egypt, national identity of egyptians, r egypt, republic of eygpt, second egyptian republic, Égypte, égypte, ??????? ??????????, ???????? ???????????, ???"
The Amazon flows through how many countries?,"The world's largest rainforest river, known for its biodiversity, traverses a number of nations equal to one less than the count of South American countries bordering both the Pacific and Atlantic oceans, plus the number of countries sharing a border with the nation whose capital is Brasilia. How many sovereign states does it touch?
","Given its vast drainage basin, through how many nations does the river known in some circles as ""the world's largest rainforest's artery"" – whose CEO shares a name with the founder of the Seattle-based space exploration company Blue Origin – meander, considering that the Nile holds the record for length and flows through eleven?
","
Amidst the verdant tapestry where the lifeblood of the South American continent meanders, originating near the ancestral lands of peoples who once revered the sun, and ultimately emptying into the vast expanse where transatlantic voyages often commenced, how many sovereign nations, each with unique histories and sociopolitical landscapes shaped by both indigenous cultures and colonial legacies, does this longest river (by some measurements) of the world traverse, considering that its watershed also touches territories governed by entities not directly within its main course, and excluding overseas departments of European powers that exert influence over the region, but including nations where the river forms a substantial part of their national identity and ecological systems, while bearing in mind that one of these nations shares a name with a large body of water in the Caribbean, though the river itself never reaches that sea?","7, Seven, seven"
In numerology a tern is a set of how many?,"Concerning the study of the mystical significance of numbers, a triplet is a collection of how many, where the quantity in question represents the count of members in a musical trio?
","Having studied mystical mathematical systems, what numerical quantity, distinct from a duo or a quad, and traditionally associated with concepts like the Holy Trinity, is represented by a ""group of three,"" as it pertains to the esoteric discipline of number symbolism, versus, say, its significance in Euclidean geometry or Newtonian physics?
","Within the ancient Chaldean system of divination, if a scholar, whose cousin once studied under a master numerologist known for his eccentric interpretations of number sets and their cosmic significance in the dusty archives of a forgotten Mesopotamian city, were to reference a specific grouping used in calculations relating to cycles of fate and fortune, and disregarding the common misinterpretation linking it to a set size favored by a prominent, but ultimately discredited, 18th-century French mathematician who believed it held the key to predicting stock market crashes, how many entities would comprise this particular set, assuming the scholar adheres to the traditional, pre-Pythagorean definition?","3, Three, three"
Who painted The Rake's Progress?,"Which artist, whose legacy includes depictions of a sequence illustrating the ascent and descent of a dissipated character, crafted those visual narratives?
","Given his fondness for satirical narratives, by whose hand did the series of canvases depicting a downfall, much like *A Harlot's Progress*, originate: Reynolds, Gainsborough, or the man who also created *Marriage A-la-Mode*?
","
During the reign of the monarch who acceded to the throne following the ""Year of Three Emperors"" in a nation famed for its maritime prowess and whose capital boasts canals rivaling Venice, a series of eight canvases and engravings depicted the downfall of a dissipated heir. Considering that this artistic endeavor was undertaken by someone whose artistic lineage includes connections to satirical commentaries often displayed in institutions like the Metropolitan, and whose works sometimes echo the moralizing tales of a contemporary who penned ""Gulliver's Travels,"" by what name is the creator of this Hogarthian cycle known? Furthermore, was this individual a member of the Royal Academy during the period when the Elgin Marbles were being acquired, and did his studio reside near the famed Fleet Street, where the echoes of literary giants resonated?
","Giles Grinagain, Hogarthean, Hogarthian, W. Hogarth, William Hogarth, giles grinagain, hogarthean, hogarthian, w hogarth, william hogarth"
"The Union Jack, the British flag, is a combination of flags of different saints. Where does the blue come from?","The banner representing the coalition of kingdoms, itself a visual synthesis of patron symbols, incorporates a hue reminiscent of the sky. From which specific emblem, dedicated to the protector of a northern landmass, is that azure shade derived?
","Amidst the tapestry of vexillological symbols, from which patron of righteousness does the azure hue of the Commonwealth's standard, itself a composite of hallowed banners, originate, mirroring the celestial expanse above?
","
Amidst the heraldic tapestry of a banner representing a coalition forged centuries ago, often displayed at gatherings celebrating the legacy of an empire upon which the sun never set, there lies a chromatic element echoing the vast expanse of the heavens. Considering that this ensign is a composite of crosses associated with venerable figures canonized within various traditions, and given that the crimson hue represents the patron saint of a particular isle known for its fiery spirit and bagpipes, and the white alludes to the protector of peace from a land of dragons, from which of the venerated celestial guardians does the azure field originate, remembering that this figure is also associated with a land once known as Caledonia and whose symbol is a thistle, despite popular belief that this flag includes a Welsh symbol?","(Apostle and Martyr) Andrew, Andrew (disciple), Andrew (saint), Andrew Apostle of Jesus, Andrew Brother of Simon Peter, Andrew the Apostle, Andrew the Apostle, Peter's brother, Andrew, Saint (Apostle and Martyr), Apostle Andrew, Disciple Andrew, Saint Andrew, St Andrew, St Andrew the Apostle, St. Andrew, St. Andrew the Apostle, The Apostle Andrew, andrew apostle, andrew apostle of jesus, andrew apostle peter s brother, andrew brother of simon peter, andrew disciple, andrew saint, andrew saint apostle and martyr, apostle and martyr andrew, apostle andrew, disciple andrew, saint andrew, st andrew, st andrew apostle"
What branch of alternative medicine using natural oils derives its name from ancient Greek for spice?,"From what practice, employing concentrated plant extracts, does its designation originate, a term reflecting fragrant additives from the civilization that gifted us the Parthenon?
","Considering its purported benefits for well-being, what therapeutic discipline, leveraging concentrated plant essences and sharing etymological roots with the Hellenic term for fragrant seasonings, stands apart from conventional pharmacological interventions?
","During the reign of the French king known for his opulent palace and alleged quote about cake, a practice involving fragrant essences, said to be favored by Cleopatra herself, gained traction. This practice, relying on what some herbalists call ""plant spirits"" captured in viscous liquids, is rumored to have been first documented by a civilization known for their intricate pottery and philosophical musings on the nature of being. Furthermore, this discipline shares etymological roots with a word describing the aromatic seeds brought to Europe from the East during the spice trades, and the name of this discipline, in the tongue of the civilization that birthed democracy, is said to literally mean what?

","Aroma therapy, Aromatherapeutic, Aromatherapist, Aromatherapy, Aromatherapy Candles, Aromatherapy candles, Aromatherapy massage, History of aromatherapy, Menthol inhaler, Reed Diffusers, Reed diffuser, aroma therapy, aromatherapeutic, aromatherapist, aromatherapy, aromatherapy candles, aromatherapy massage, history of aromatherapy, menthol inhaler, reed diffuser, reed diffusers"
Helen of Troy was abducted from where?,"From what formidable kingdom did Zeus and Leda's divine offspring depart as an unwilling prize, a realm whose warrior culture and iron discipline would later become legendary throughout the Hellenic world? This land, where twin sons of Zeus also drew their first breath, stood as a beacon of martial might in the age before its queen's abduction sparked a war that would echo through millennia.","Considering the myths surrounding her lineage, from what kingdom did the offspring of Zeus and Leda depart when she was taken against her will, a realm not unlike Mycenae in its ancient power, but was it Athens or this other locale?
","In a land of warriors nestled within the Peloponnesian peninsula, a queen—daughter of Zeus—was taken by a foreign prince, an act that would ignite a legendary conflict and inspire epic verses recited in the name of a sightless poet. From which kingdom, ruled by a battle-hardened king who would marshal a vast fleet to reclaim his stolen bride, did this fateful journey begin—a realm synonymous with Dorian strength and heroism in the age of myth?","Ancient Sparta, Ancient sparta, Ancient sparta religion, Greek Spartan, Kingdom of Sparta, Lacedaemon, Lacedaimon, Lacedemon, Lakedaemon, Lakedaimon, Lakedemonia, SPARTA, Sparta, Sparta, Greece, Spartan Government, Sparte, ancient sparta, ancient sparta religion, greek spartan, kingdom of sparta, lacedaemon, lacedaimon, lacedemon, lakedaemon, lakedaimon, lakedemonia, sparta, sparta greece, spartan government, sparte, ??????, ??????"
"""""""Joseph"""" had what garment that was worth putting in the title of a musical by Andrew Lloyd Webber and Tim Rice, ?""","The biblical figure known for his coat of many colors possessed what type of attire, the value of which warranted its inclusion in the namesake of a stage production crafted by the collaborative duo of a composer famous for ""Phantom"" and a lyricist known for ""Evita""?
","In the biblical narrative of Jacob's favored son, what legendary garment adorned this interpreter of dreams - a piece of clothing so significant that it would, millennia later, inspire two theatrical giants (the mastermind behind 'Cats' and his collaborator on 'Jesus Christ Superstar') to immortalize it in their musical's title?","In an ancient tale recorded in Genesis, a prized garment bestowed upon a son known for his prophetic dreams would go on to inspire generations. Centuries later, this distinctive vestment—linked to a favored child of Jacob—would captivate the creative minds of a composer whose melodies would one day echo through the corridors of the Paris Opera House and a lyricist who would bring the life of Argentina’s most famous First Lady to the stage. What is the name of this culturally significant attire, which ultimately became the title of a theatrical production crafted by this renowned musical duo?","Coat, Coat (disambiguation), coat, coat disambiguation"
The Australian Open Tennis Championship is held in which city?,"In which metropolis, renowned for its vibrant cultural scene and serving as the capital of the state bordering the Murray River, hosts the annual international hard-court tournament that shares its name with the nation down under?
","Following the grand slam in France, in which major metropolitan area, known for its sporting culture and also the birthplace of Dame Edna Everage, does the first of the annual major tennis tournaments take place: is it Sydney, Melbourne, Brisbane, or Adelaide?
","In which Australian metropolis, whose cultural renaissance was sparked by a nineteenth-century gold rush and whose tree-lined boulevards now host world-class arts venues, does the first Grand Slam of the tennis calendar unfold each summer? This city, bisected by the meandering Yarra River, transforms its sporting precinct into a global tennis hub when the southern hemisphere's heat is at its peak.","Economy of Melbourne, Greater Melbourne, Marvellous melbourne, Melb, Melben, Melborne, Melbouren, Melbourne, Melbourne (Australia), Melbourne (Vic.), Melbourne (Vic.), Australia, Melbourne (Victoria), Melbourne Australia, Melbourne City, Melbourne australia, Melbourne city, Melbourne, AU-VIC, Melbourne, Australia, Melbourne, Australia., Melbourne, VIC, Melbourne, Victoria, Melbourne, Victoria, Australia, Melbournian, Menbourne, Mlbourne, Mlebourne, UN/LOCODE:AUMEL, economy of melbourne, greater melbourne, marvellous melbourne, melb, melben, melborne, melbouren, melbourne, melbourne au vic, melbourne australia, melbourne city, melbourne vic, melbourne vic australia, melbourne victoria, melbourne victoria australia, melbournian, menbourne, mlbourne, mlebourne, un locode aumel"
"""In curling, how do team members help to direct the """"stones"""" towards the target?""","In the sport often played on frozen surfaces, what actions do teammates undertake to guide the heavy, polished projectiles towards the house, employing specialized tools and techniques to influence their trajectory?
","Considering that winter sports have evolved significantly over time, what actions do those involved in the strategic delivery of granite projectiles toward the house—excluding the individual responsible for the initial launch—undertake, using specialized implements, to subtly influence the trajectory of said projectiles, differentiating their contributions from those using brooms in similar ice-based team activities such as broomball?
","During the winter games held near the maple leaf-emblazoned nation, considering the icy sport where polished granite is propelled across a frozen surface, what specific actions do the sweepers, those individuals wielding specialized brooms, undertake to manipulate the trajectory of the weighty projectiles, often called ""rocks"" by seasoned players, as they glide towards the house, keeping in mind that the ice's temperature is a balmy -5 degrees Celsius and the lead's preferred sweeping technique involves a figure-eight motion, and further, assuming the skip is left-handed and perpetually offers contradictory advice regarding the stone's speed and direction, impacting the final position of the aforementioned polished granite objects relative to the button?","Sweep, Sweep (disambiguation), Sweep (sports), Sweeping, Swept, The Sweep, sweep, sweep disambiguation, sweep sports, sweeping, swept"
What word meaning official procedure derives ultimately from Greek root words for first and glue?,"What lexical item, denoting a sanctioned methodology, finds its etymological origins in the Hellenic linguistic components signifying precedence and adhesion, and is a homophone of a service?
","Considering its etymological roots, what term, designating a prescribed method or protocol, is it that its linguistic ancestry intertwines the Hellenic concepts of primality and adhesion, much like the art of bookbinding in ancient Alexandria, and is it more akin to “algorithm,” “dogma,” or “orthodoxy?""
","Thy tell me the word, denoting a prescribed sequence of actions, traces its linguistic heritage to two ancient Greek morphemes - one signifying primacy or precedence, the other referring to a binding agent? This word, which gained prominence in diplomatic circles during the Hellenistic period, continues to shape organizational behavior in modern bureaucracies.","Protocal, Protocol, Protocol (disambiguation), Protocols, protocal, protocol, protocol disambiguation, protocols"
What name is applied to the general stiffening of the muscles caused by a coagulation of the muscle-plasma?,"What label do medical professionals assign to the post-mortem rigidity resulting from the solidification of contractile tissue's intracellular fluid?
","Given that it follows somatic death, what is the common term, often associated with detective novels, for the postmortem rigidity resulting from the solidification of the sarcoplasm, and is it more closely related to rigor mortis or cadaveric spasm in its manifestation compared to livor mortis, which refers to the discoloration, or algor mortis, which deals with temperature changes?
","Following the demise of a living organism, particularly after involvement with a bladed instrument, a phenomenon occurs within the contractile tissues. This transformation, often observed in cadavers prepared for anatomical study in institutions like the fictional Miskatonic University, involves a hardening process. What is the common term, sometimes incorrectly attributed to the formation of putrescine, for the generalized inflexibility of skeletal muscles resulting from the congealing of the intracellular fluid within those tissues, observable approximately 3 hours post-incident, and influenced by ambient temperature and the deceased's pre-existing adenosine triphosphate levels?","Digitus mortuus, Rigamortis, Riger mortis, Rigimortis, Rigimortus, Rigomortis, Rigor mortis, Rigormortis, digitus mortuus, rigamortis, riger mortis, rigimortis, rigimortus, rigomortis, rigor mortis, rigormortis"
What is cartoon character Spongebob Squarepants' starfish friend called?,"What appellation is given to the echinoderm associate of the absorbent, porous, and yellow animated figure residing in a subaquatic pineapple, who is, in turn, the fry cook at the establishment owned by the crustacean known for his avarice?
","After a long day at the pineapple under the sea, what is the designation of the echinoderm companion to the porous, yellow protagonist of Bikini Bottom's animated series, excluding acquaintances such as Sandy Cheeks or Squidward Tentacles?
","Amidst the animated denizens of the deep ocean, where the primary resident lives in a pineapple-shaped dwelling, what is the appellation of the echinoderm companion, often seen sporting vibrant, patterned swimwear, to the porous protagonist, the fry cook, a character celebrated for his unwavering optimism?

In the underwater city famously depicted in animated form, and considering the protagonist's fondness for jellyfishing and his employment at a crustacean-themed restaurant, what moniker is assigned to the pink-hued, five-armed invertebrate, the close confidant of the absorbent, yellow and porous individual, whose creator, a marine biologist, passed away in 2018?","Patrick (SpongeBob SquarePants), Patrick (Spongebob Squarepants), Patrick (sea star), Patrick (starfish), Patrick Sea Star, Patrick Seastar, Patrick Star, Patrick Star (SpongeBob SquarePants Character), Patrick Star (SpongeBob SquarePants), Patrick Star (SpongeBob character), Patrick Star (character), Patrick Star (sponge bob), Patrick Starfish, Patrick richard star, Patrick star, Pecos Patrick, patrick richard star, patrick sea star, patrick seastar, patrick spongebob squarepants, patrick star, patrick star character, patrick star sponge bob, patrick star spongebob character, patrick star spongebob squarepants, patrick star spongebob squarepants character, patrick starfish, pecos patrick"
The US marijuana cafe opened in which state?,"In what jurisdiction, where Pacific Ocean breezes meet redwood forests and home to the Golden Gate Bridge, did the inaugural establishment of its kind in the nation, dealing in a substance federally classified under Schedule I of the Controlled Substances Act, commence operations for recreational use?","Considering recent legislative shifts, in which of the fifty states did the inaugural establishment for the recreational consumption of cannabis, similar to those found in Amsterdam, first commence operations, and was this venture initiated prior to the widespread adoption of similar regulations observed in locales such as Colorado or Washington?","In the state famed for its technology sector and the iconic Golden Gate Bridge, a business inspired by Amsterdam-style establishments began operations, though it remained in a legal gray area at the federal level—much like a similar enterprise connected to the brother-in-law of a prominent Hollywood filmmaker. Which state, sharing a border with Oregon and a name with a variety of bell pepper, saw the launch of this venture, which drew influence from Dutch models while also bearing similarities to enterprises tied to well-known figures, all while federal regulations on the substance continued to evolve—coincidentally, in a state also recognized for its vast almond production?","33rd State, 33rd state, Demographics of Oregon, Education in Oregon, Geography of Oregon, Ore., Oregon, Oregon (State), Oregon (U.S. state), Oregon (state), Oregon's, Oregon, USA, Oregon, United States, Oregroun, Oregón, Regions of Oregon, Sports in Oregon, State of Oregon, The Beaver State, Thirty-Third State, Thirty-third State, US-OR, beaver state, demographics of oregon, education in oregon, geography of oregon, ore, oregon, oregon s, oregon state, oregon u s state, oregon united states, oregon usa, oregroun, oregón, regions of oregon, sports in oregon, state of oregon, thirty third state, us or"
"""Which one of four """"big cats"""" in the Panthera genus is the only one found in the New World (i.e. Mexico, across much of Central America and south to Paraguay and northern Argentina)?""","Regarding those majestic felines, consider a group of four well-known creatures within a specific zoological classification. Among them, which creature's relative, geographically isolated to the Americas, roams from the land of tequila and burritos, through the isthmus connecting two continents, and down to the Southern Cone, specifically the regions bordering the land of tango?","Considering its evolutionary adaptation to a specific region, and excluding those species primarily associated with the Old World, which member of the *Panthera* lineage—among the group that includes *leo*, *tigris*, *pardus*, and another, often confused with the African leopard—is geographically confined to the Americas, its habitat stretching from the land of the Aztecs down through the Gran Chaco?","Amidst the feline echoes of Kipling's jungle tales, where Shere Khan roamed, consider the quartet of powerful predators classified under a shared ancestral banner. Disregarding the striped hunter of Bengal, and the regal sovereign of the African savanna, and the snow-dwelling ghost found in the high mountains of central Asia, which member of this prestigious family, whose range extends from the Aztec pyramids to the pampas of gaucho legend – a creature whose melanistic form is sometimes mistaken for a black panther, despite the absence of true black panther species – exclusively claims the lands south of the Rio Grande as its domain, even though its ancestors are theorized to have crossed the Bering Land Bridge millennia ago alongside the gray wolf and the American lion, the latter of which is now extinct?
 

 Considering the feline predators whose genetic lineage places them within the same genus as the symbol of MGM Studios, and excluding those that roar in the Old World, and further eliminating the one whose habitat is limited to the icy peaks near where the Yeti is rumored to dwell, which apex predator, a denizen of the Americas, is the sole representative of its kind south of the United States-Mexico border, a region once explored by conquistadors seeking El Dorado, despite some","Felis onca, Jaguar, Jaguar (animal), Jaguar (panthera), Jaguars, Leo onca, Mating jaguars, Onca, Onca-pintada, Oncas, Onça, Onça-pintada, Onças, Otorongo, P.Onca, Panthera Onca, Panthera onca, Reproductive behavior of jaguars, Uthurunku, felis onca, jaguar, jaguar animal, jaguar panthera, jaguars, leo onca, mating jaguars, onca, onca pintada, oncas, onça, onça pintada, onças, otorongo, p onca, panthera onca, reproductive behavior of jaguars, uthurunku"
Who topped the Forbes' list of the world's most powerful women in 2009?,"Who was recognized as the leading female figure on a renowned publication's annual compilation of influential women globally, during the concluding year of the first decade of the 21st century?","Given the global financial turmoil of the time, which individual, recognized as a leading figure in her field and whose spouse held a prominent position in the public eye, was recognized by a prominent business magazine for their global influence in the final year of the first decade of the 21st century, rather than, say, the year Milton Friedman passed away?","In the twilight of the first decade of the new millennium, amidst global economic uncertainties and the burgeoning influence of social media, a prominent business magazine released its annual ranking of influential figures; if the daughter of a renowned computer scientist, who once led a major beverage corporation’s restructuring efforts, had been recognized as the foremost woman on this list during the year the animated film *Up* captured hearts worldwide and the year before the Deepwater Horizon incident, who would have been awarded the title in the world according to the aforementioned business magazine?","Angela Dorothea Kasner, Angela Dorothea Merkel, Angela Kasner, Angela Merkel, Angela Merkell, Angela Merkl, Angela Teflon Merkel, Angie Merkel, Chancellor Merkel, Dorothea Kasner, Dr. Angela Dorothea Merkel, Merckel, Merkel, Ulrich Merkel, angela dorothea kasner, angela dorothea merkel, angela kasner, angela merkel, angela merkell, angela merkl, angela teflon merkel, angie merkel, chancellor merkel, dorothea kasner, dr angela dorothea merkel, merckel, merkel, ulrich merkel"
"What 1963 political scandal in the UK involved the Secretary of State for War, after he had a brief relationship with the mistress of a Russian spy (a showgirl named Christine Keeler), and lied to the House of Commons about it?","What controversy, emerging in the year following the Cuban Missile Crisis within the realm of British governance, centered on the actions of the individual then responsible for overseeing the nation's armed forces, after he engaged in an intimacy with a woman concurrently linked to an agent of the Soviet intelligence apparatus – a performer known for her stagecraft and allure by the name of the first name of the automobile and the last name of the actor who played Dracula – and subsequently misled the body of elected representatives concerning this matter?","In a year marked by both the Profumo affair and the Great Train Robbery, a high-ranking minister, whose constituency lay in a rural region known for its apple orchards, found himself at the center of a major political scandal. This crisis arose after his brief liaison with a stage performer who had ties to a suspected Soviet intelligence operative, leading him to mislead Parliament about the nature of their relationship. His deception was further compounded by a prior, unrelated controversy involving the improper use of government vehicles. Which political scandal of that year directly implicated the official overseeing the nation's defense?","During the height of Cold War anxieties and shifting cultural norms of the early 1960s, a scandal erupted involving a key member of Harold Macmillan’s cabinet responsible for overseeing the military. This official’s brief affair with a stage performer—who was also linked to a Soviet intelligence operative—led to national security concerns and culminated in the official misleading Parliament. Given that the scandal occurred in the same year as a notorious act of organized crime and led to public distrust in the government, which British political controversy does this describe?","British politician sex, Denning Report, Profuma Scandal, Profumo Affair, Profumo Scandal, Profumo affair, Profumo scandal, Profuno affair, The Profumo Affair, british politician sex, denning report, profuma scandal, profumo affair, profumo scandal, profuno affair"
"""""""Chateau Snavely"""", """"Amanda's"""", and """"Payne"""" were three attempts to remake which UK TV series for the US market ?""","The establishment with the moniker reminiscent of a fortified manor, the eatery bearing the name of a female person, and the single-syllable surname endeavor were all iterations aiming to adapt a certain televised sitcom from across the Atlantic for consumption within the borders of the United States. Which program originating from the country governed from Westminster did these ventures seek to recreate for audiences in the land of liberty and opportunity?","Considering the limited success of transatlantic adaptations, what seminal British television program, known for its quirky humor, spawned multiple unsuccessful American iterations, including one named after a fictional residence, another after an individual, and a third bearing a common surname, unlike, say, attempts to adapt ""Fawlty Towers"" or ""The Office""?","Among the many attempts to adapt British comedies for American audiences, three versions—one named after a grand estate, another after a woman, and the third a common surname—sought to recreate what classic UK sitcom, originally centered around an ill-tempered hotelier, his wife, and a hapless waiter?","Audrey (Fawlty Towers), Dr. Abbott, Faulty Towers, Fawlty, Fawlty Towers, Fawlty Towers (hotel), Fawlty Towers Episode 13, Fawlty Towers episode guide, Fawlty towers, Fawlty towers episodes, Flowery Twats, List of Fawlty Towers episodes, Polly Shearman, Polly Sherman, Polly Sherman (Fawlty Towers), Terry the Chef, Wooburn Grange Country Club, Woodburn Grange Country Club, audrey fawlty towers, dr abbott, faulty towers, fawlty, fawlty towers, fawlty towers episode 13, fawlty towers episode guide, fawlty towers episodes, fawlty towers hotel, flowery twats, list of fawlty towers episodes, polly shearman, polly sherman, polly sherman fawlty towers, terry chef, wooburn grange country club, woodburn grange country club"
What does an anthropologist study?,"What field of inquiry delves into the intricacies of *Homo sapiens'* cultural heritage and societal structures, focusing on the shared attributes and distinctive variations observed across diverse communities throughout time and space?","Given their unique lens of inquiry, what specific area of academic pursuit is the intellectual heir of Bronis?aw Malinowski most likely engaged in, particularly when considering the diverse tapestry of humankind, as opposed to, say, the intricacies of astrophysics or the nuances of historical linguistics?","Considering the academic pursuits concerned with humanity's diverse origins, and given that the intellectual heir to figures like Franz Boas often grapples with societal structures and cultural artifacts, what specific domain of inquiry—distinct from, say, paleontology's focus on fossilized remains or sociology's emphasis on contemporary social dynamics—typically occupies the attention of a scholar whose work might involve deciphering ancient Mayan glyphs or analyzing kinship systems in remote Papuan tribes, especially if this scholar also holds a deep interest in the linguistic evolution of isolated communities and believes that all cultures are inherently equal despite obvious differences in technological advancement and economic prosperity, a view sharply contested by proponents of modernization theory?","All Humankind, Huamn, Human, Human Being, Human Beings, Human being, Human beings, Human habitat, Human habitat and population, Human kind, Human race, Human species, Humankind, Humano, Humans, Humans as primates, Man (anthropology and biology), People of this planet, Terran (Homo Sapien), all humankind, huamn, human, human being, human beings, human habitat, human habitat and population, human kind, human race, human species, humankind, humano, humans, humans as primates, man anthropology and biology, people of this planet, terran homo sapien"
What was the painter Monet's first name?,"What appellation was bestowed upon the progenitor of Impressionism, whose garden at Giverny served as a muse for his water lily series, prior to his adoption of the surname synonymous with his artistic movement?","Amidst the shifting currents of 19th-century art, one painter would emerge as a defining force behind the Impressionist movement, his name often intertwined with that of a contemporary whose works, though revolutionary, belonged to a different school of artistic thought. By what appellation was this pioneering figure—whose legacy would extend through his artistic heir, Claude—known, distinguishing him from another master of modernity, whose surname differed by only a single letter yet whose creative philosophy set him apart?","Amidst the Impressionist movement's fervor, and considering that his father, also an art enthusiast, envisioned a different path for him, what appellation, distinct from the given family name that echoes through art history, was bestowed upon the artist known for capturing water lilies and the play of light, and whose works, initially dismissed by some critics as mere sketches, now adorn the walls of prestigious museums across the globe, including a significant collection bequeathed by a distant relative of Napoleon III, who, incidentally, favored academic art?","Claude, Claude (disambiguation), claude, claude disambiguation"
Which horse won the Epsom Derby in 1989?,"Which equine champion, victorious in the classic race held at the home of the Blue Riband of the Turf the year Neil Armstrong's lunar mission celebrated its 20th anniversary, secured the coveted garland of roses?","Considering the year of radical political change in Eastern Europe, which equine victor, celebrated in Surrey, took the garland in the penultimate year of that decade, in the same era as Dancing Brave's influence on racing with contenders including those trained at Ballydoyle?","In the year that marked the bicentennial of the French Revolution, as speculation swirled about a potential leadership challenge to the sitting Chancellor of the Exchequer, which racehorse, said to hail from a bloodline linked to a renowned Irish stud farm and ridden by a jockey who later authored an unexpectedly popular cookbook, secured victory in the esteemed event held annually near a town historically associated with salt production—a race that, despite common misconceptions, does not always coincide with the Monaco Grand Prix?







","Nashwan, Nashwan (horse), nashwan, nashwan horse"
The Christian Eucharist ceremonial act is based on what event from religious scripture?,"The ritual commemorating the divine repast, central to adherents of the faith whose teachings originate from Galilee, draws its symbolic foundation from a specific occurrence detailed in their sacred texts. What historical narrative, involving the sharing of bread and wine, serves as the theological precursor to this sacred rite? ","Considering its profound influence on Western art, does the symbolic re-enactment, often observed by followers of the Nazarene, draw its origins from the sacred narrative concerning the final repast, or perhaps a different significant event from their scriptures?","The sacred meal commemorating the final gathering of the Galilean preacher with his inner circle, as recounted by the evangelist who was once a tax collector, forms the basis for a ritual practiced by followers of the faith whose central figure was born in Bethlehem, a ritual often accompanied by the sharing of unleavened bread and a beverage representing the blood of the aforementioned preacher, and interpreted differently across various denominations of the faith, some considering it a symbolic remembrance, others a literal transubstantiation, a practice that has evolved over centuries and is central to the liturgical life of many Christian communities, often performed within ornate cathedrals adorned with stained glass windows depicting biblical scenes, and accompanied by hymns and prayers that reinforce the spiritual significance of the event, while some more liberal interpretations focus on the communal aspect of the meal rather than the theological specifics.","Church of Jesus Christ (last supper), Last Supper, Last Supper, The, Last dinner, Last supper, Mystical Supper, Supper last, Supper, The Last, The Last Supper, The Last supper, The last supper, church of jesus christ last supper, last dinner, last supper, mystical supper, supper last"
Winnipeg is the capital city of which Canadian province?,"What is the Canadian political division, whose chief urban center shares its name with the title of a 1962 hit song by The Spotnicks?","Nestled near the longitudinal center of the country, which prairie province's most populous urban center, known historically as a major grain exchange hub, shares its namesake with the childhood home of a prominent member of the British Royal Family, and is not Saskatchewan?","The most populous municipality within the province known for its vast prairies, numerous lakes, and the Forks National Historic Site, a city situated at the confluence of the Red and Assiniboine Rivers and serving as a major transportation hub for Western Canada, is the capital of which administrative division of the aforementioned North American nation, a region also notable for its significant Indigenous population and its history as a fur trading center, and whose name is believed to derive from a Cree word meaning ""muddy water,"" a province that shares its southern border with several US states, and is known for its harsh winters and hot summers, and is sometimes confused with other prairie provinces like Saskatchewan and Alberta?","CA-MB, Manitoba, Manitoba Education Research & Learning Information Networks, Manitoba Education, Research and Learning Information Networks, Manitoba's, Manitoba, Canada, Manitoba, towns and cities, Manitoban, Province of Manitoba, ca mb, manitoba, manitoba canada, manitoba education research and learning information networks, manitoba education research learning information networks, manitoba s, manitoba towns and cities, manitoban, province of manitoba"
What is the technical term for a solid figure with five plane (flat) faces?,What term do mathematicians use for a three-dimensional geometric construct bounded by five flat faces?,"Considering geometric solids, is the proper designation for a polyhedron possessing five planar surfaces, a concept related to but distinct from a hexagonal prism, best described as which of the following: tetrahedron, hexahedron, or the term also associated with the U.S. military headquarters?","What geometrically descriptive term is applied to a three-dimensional polyhedron delineated by five coplanar polygonal regions, a shape frequently encountered in the study of early Platonic solids, though not itself one, and often serving as a foundational example in introductory geometry courses due to its relative simplicity compared to higher-order polyhedra like icosahedra or dodecahedra, yet still complex enough to illustrate key concepts like vertices, edges, and faces, often constructed from cardboard or other materials for educational purposes, and sometimes appearing in architectural designs, albeit less frequently than other polyhedral forms, and whose properties were first systematically studied by ancient Greek mathematicians.","5 hedron, 5-hedron, Pentahedra, Pentahedron, pentahedra, pentahedron"
The common vocal sound produced by blocking exhaled airflow (when voicing a vowel) by suddenly closing the vocal tract is called a '(what?) stop'?,"The articulatory gesture involving complete obstruction of the breath stream within the oral cavity, typified by sounds like those made by the dental consonant of the Romance language spoken in the Iberian Peninsula, is technically referred to as a '(what?) plosive'?
","What is the articulatory term for a sound where the breath stream is momentarily impeded through the complete closure of the oral passage, similar to the obstruction observed when producing sounds like /p/, /t/, or /k/ – is it referred to as a '[phonetic feature] stop', '[manner of articulation] stop' or '[suprasegmental] stop'?","The phoneme, a basic unit of sound in language, articulated by completely obstructing the flow of air from the lungs, a process which, when occurring during the production of a voiced sound, involves the abrupt closure of the vocal tract, resulting in a distinct, percussive sound, a sound often contrasted with fricatives, which involve a partial obstruction of airflow, or nasals, where air is allowed to escape through the nasal cavity, and which can be categorized according to the place of articulation (e.g., bilabial, alveolar, velar) and voicing (voiced or voiceless), and which is a fundamental component of the sound systems of many languages around the world, and which is represented by various symbols in the International Phonetic Alphabet, and whose study is crucial to understanding the complexities of human speech, is called a '(what?) stop'?","Glo'all stop, Glotal stop, Glottal Stop, Glottal closure, Glottal plosive, Glottal stop, Glottal stops, Glottalstop, Glottlestop, Glo?al stop, Laryngeal plosive, Laryngeal stop, Voiceless glottal plosive, Voiceless glottal stop, glo all stop, glotal stop, glottal closure, glottal plosive, glottal stop, glottal stops, glottalstop, glottlestop, glo?al stop, laryngeal plosive, laryngeal stop, voiceless glottal plosive, voiceless glottal stop"
In which series are FBI agents Fox Mulder (David Duchovny) and Dana Scully (Gillian Anderson) the investigators of cases involving paranormal phenomena?,"In what episodic narrative, featuring a male actor known for his role in ""Californication"" and a female actress known for her role in ""The Crown,"" portraying federal law enforcement officers, does the storyline predominantly revolve around inquiries into occurrences that defy conventional scientific understanding?","What cinematic narrative, featuring a pair of fictional government employees – one, a believer in the unexplained, portrayed by the son of a notable publicist, and the other, a medical doctor questioning the same, played by an actress later known for her role in a historical drama – focuses its episodic structure on inquiries into events beyond the realm of conventional science, and is it more or less contemporary with the original run of ""Twin Peaks""? ","During the era of cathode-ray tube dominance in home entertainment, a televised drama featured two individuals: one, an Oxford graduate with a medical degree, skeptical by nature yet bound by scientific curiosity; the other, a psychology graduate with an interest in the unexplained, fueled by a childhood trauma involving his sister. In this program, broadcast during a time when dial-up internet was the cutting edge of home connectivity and grunge music dominated the airwaves, these two individuals, one portrayed by a performer who later explored comedic roles and another who later portrayed a goddess in a fantasy series, investigated events that defied conventional explanation. Considering that this show was supposedly cancelled due to low viewership, but revived later in the 21st century, what is the name of the series where this specific pair of federal law enforcement officers, specializing in cases of extraordinary and often inexplicable occurrences, spend their days?","History of The X-Files, Mulderites, Opening title sequence of The X-Files, T-X-F, T-XF, TX-F, TXF3, The X File, The X Files, The X Files (television series), The X files, The X-Files, The X-Files Awards and Nominations, The X-Files Opening sequence, The X-Files fandom, The X-Files opening credits, The X-Philes, The X-files, The x files, X aktak, X akták, X files, X files tv series, X-Files, X-Files (20th century fox), X-Files, The, X-Phile, X-Philes, X-files, X-philes, Xfiles, history of x files, mulderites, opening title sequence of x files, t x f, t xf, tx f, txf3, x aktak, x akták, x file, x files, x files 20th century fox, x files awards and nominations, x files fandom, x files opening credits, x files opening sequence, x files television series, x files tv series, x phile, x philes, xfiles"
Who was shot by Valery Solanas on 3 June 1968?,"Whose alter ego, an influential figure in avant-garde cinema and pop art, became the target of an attempted assassination by the author of the ""SCUM Manifesto""?","Which luminary of avant-garde expression, a key figure in the Factory scene who collaborated with Nico, was the target of an act of violence by the author of the S.C.U.M. Manifesto on June 3rd, a year divisible by eight?","The target of the radical feminist's attack on June 3rd, 1968, a prominent figure in the New York art scene known for his collaborations with the Velvet Underground and his distinctive silver wig, later achieving cinematic acclaim with films like ""Blow-Up"" and ""A Clockwork Orange"", and whose artistic philosophy significantly influenced the Pop Art movement, a figure who was also known for his interest in photography and his unconventional approach to filmmaking, which often involved improvisation and blurring the lines between fiction and reality, and whose works continue to be studied and debated by film scholars and art historians, was who?","Andrew Warhol, Andrew Warhola, Andrew warhola, Andy Wahrol, Andy Warhaul, Andy Warhol, Andy Warhol Foundation, Andy Warhol Foundation for the Visual Arts, Andy Warhola, Andy warhol, Andy worhol, Drella, Paul Warhola, Warhol, Warhol Foundation, Warholesque, Warholian, Warholian Pop, Warholite, andrew warhol, andrew warhola, andy wahrol, andy warhaul, andy warhol, andy warhol foundation, andy warhol foundation for visual arts, andy warhola, andy worhol, drella, paul warhola, warhol, warhol foundation, warholesque, warholian, warholian pop, warholite"
What was the title of Lily Allen's first full single release?,What was the title of the inaugural complete musical offering of the daughter of Keith Allen and a Welsh film producer?,"Given that her sibling is an actor, was her first official single release (preceding her album debut) released before or after the passing of Amy Winehouse, or around the time that Adele was making waves with her initial recordings?","The inaugural commercially available track released by the British songstress, daughter of a renowned comedian and film actor, predating her chart-topping debut album and known for its ska influences and candid lyrics referencing a specific year and its associated social trends, a track that garnered significant attention for its witty social commentary and distinctive musical style, and was accompanied by a music video featuring the artist in various London settings, including a market and a pub, and showcasing her unique fashion sense, which often blended vintage and contemporary styles, and whose success propelled her to international fame, leading to appearances on numerous television shows and music festivals, was titled what?","Duchenne Smile, Duchenne smile, Grinning, Pan American smile, Smile, Smiling, duchenne smile, grinning, pan american smile, smile, smiling, ??"
The informal term nomophobia refers to anxiety from being without one's?,The colloquial term for distress experienced when separated from a significant advancement in portable communication technology is what?,"The unease experienced when separated from what technological item has been colloquially termed ""nomophobia,"" and is it more prevalent than the fear of being without one's spectacles or hearing aids?","The apprehension associated with separation from one's personal communication device, a phenomenon increasingly prevalent in the digital age and often discussed in the context of psychological dependence, is colloquially known as what, a term often used in conjunction with discussions of internet addiction and the pervasive influence of mobile technology on contemporary social interactions, and sometimes mistakenly interchanged with related concepts like FOMO (fear of missing out), which describes the anxiety of missing out on social experiences, or phubbing, which refers to the act of snubbing someone in favor of a mobile phone, and which has led to increased research on the psychological and social effects of mobile phone usage, and the development of strategies for managing digital dependence.","0 g, 0-G, Cell Phone, Cell Phones, Cell phone, Cell phone carrier, Cell phone dance, Cell phones, Cell telephone, Cell telephones, Cell-phone, Cellphone, Cellphone video, Cellphones, Celluar telephone, Cellular Radio, Cellular Telephone, Cellular Telephone Technology, Cellular communication, Cellular communication standard, Cellular device, Cellular mobile, Cellular phone, Cellular phones, Cellular radio, Cellular telephone, Cellular telephones, Celphone, Environmental impact of mobile phones, Flip fone, Flipfone, GSM phone, Hand Phone, Hand phone, Hand phones, Hand telephone, Hand telephones, Handphone, Handphones, Kosher phone, Mobil Phone, Mobil phone, Mobile Phone, Mobile Phones, Mobile Telephone, Mobile cellular, Mobile cellular wireless, Mobile communication standard, Mobile dance, Mobile display, Mobile handset, Mobile handsets, Mobile loop, Mobile phone, Mobile phone dance, Mobile phones, Mobile screen, Mobile telecom, Mobile telephone, Mobile telephones, Mobile terminal, Mobile wireless, Mobile wireless communication, Mobile-phone, Mobilephone, Phone dance, Radio Common Carrier, Secret cell phone, Wireless phone, cell phone, cell phone carrier, cell phone dance, cell phones, cell telephone, cell telephones, cellphone, cellphone video, cellphones, celluar telephone, cellular communication, cellular communication standard, cellular device, cellular mobile, cellular phone, cellular phones, cellular radio, cellular telephone, cellular telephone technology, cellular telephones, celphone, environmental impact of mobile phones, flip fone, flipfone, gsm phone, hand phone, hand phones, hand telephone, hand telephones, handphone, handphones, kosher phone, mobil phone, mobile cellular, mobile cellular wireless, mobile communication standard, mobile dance, mobile display, mobile handset, mobile handsets, mobile loop, mobile phone, mobile phone dance, mobile phones, mobile screen, mobile telecom, mobile telephone, mobile telephones, mobile terminal, mobile wireless, mobile wireless communication, mobilephone, phone dance, radio common carrier, secret cell phone, wireless phone, ??"
How many degrees are in a right-angle?,"What quantity, when doubled and then halved, represents the numerical measure of the interior angle formed by two lines that meet at a perfect corner?
","Considering geometric principles, and given that architects often rely on fundamental angles in their designs: To what extent does the sum of angles in an equilateral triangle need to be divided to arrive at the measure of an angle formed by perpendicular lines, assuming we aren't discussing obtuse angles, acute angles, or reflex angles?
","Given that the architectural plans for the revitalization of the Leaning Tower replica in the capital city require precise angular calculations, and considering that young Timmy, the architect's nephew, is struggling with his geometry homework involving shapes reminiscent of the pyramids seen on his last trip abroad, what is the measure, expressed in degrees, of an angle that, when bisected, forms two angles each complementary to an angle measuring 45 degrees, assuming Euclidean geometry holds true and that the architect's coffee mug is perfectly cylindrical? Furthermore, is this angle acute, obtuse, or neither, disregarding the ambient temperature of the architect's office?","90, Ninety, ninety"
"Which English botanist became famous for his research during expeditions to the east coast of Canada in 1766, the Pacific in 1769 and Iceland in 1772?"," The individual who expanded scientific understanding of flora through voyages sponsored by the Crown, including travels to the western Atlantic, the Pacific Ocean, and Iceland, and whose work was recognized with a prestigious fellowship; what is their name?","Which individual, whose pursuits took him across the Atlantic coast of North America, the Pacific Ocean, and Iceland, made significant contributions to the study of flora?","The British naturalist, whose contributions to the field of botany were greatly enhanced by his participation in voyages of exploration, including a journey to the eastern shores of what is now known as Canada in the year 1766, a subsequent expedition to the vast expanse of the Pacific Ocean in 1769, and a trip to the volcanic island of Iceland in 1772, during which he meticulously documented and classified numerous plant species, many of which were previously unknown to European science, and whose collections and journals are still studied by researchers today, and who was a contemporary of other prominent scientists of the era, such as Carl Linnaeus, and whose work helped to expand European understanding of the natural world, and who was also involved in the Royal Society, was who?","Banks, Sir Joseph, Dorothea Hugesson, Joseph Banks, Joseph, Baronet Banks, Sir Joseph Banks, Sir Joseph Banks, 1st Baronet, banks sir joseph, dorothea hugesson, joseph banks, joseph baronet banks, sir joseph banks, sir joseph banks 1st baronet"
"As at 2008 which corporation owns the brands Duracell, Braun and Gillette?","What entity possesses the trademarks of the battery often associated with a pink bunny, the shaver favored by James Bond, and the razor company that coined the phrase ""The Best a Man Can Get""?","Which multinational conglomerate, a major player in the consumer packaged goods sector, held ownership of a portfolio including a battery brand known for its copper top and energetic mascot, an appliance brand associated with innovative shaving technology, and a personal care brand specializing in men's grooming products, circa the year two thousand and eight, following a significant acquisition?","Which multinational conglomerate, a major player in the consumer packaged goods sector, held ownership of a portfolio including a battery brand known for its copper top and energetic mascot, an appliance brand associated with innovative shaving technology, and a personal care brand specializing in men's grooming products, circa the year two thousand and eight, following a significant acquisition that consolidated several well-known household names under one corporate umbrella, a move that reflected broader trends of mergers and acquisitions within the global economy, and which resulted in the company becoming one of the largest consumer goods companies in the world, with a vast portfolio of brands spanning various categories, and whose products are sold in virtually every country, and which has been the subject of both praise and criticism for its business practices and its impact on the environment and society.","Always pads, California Natural, John Smale, Norwich Eaton Pharmaceuticals, Norwich Pharmaceutical Company, P & G, P&G, P&g, Procter & Gamble, Procter & Gamble Co., Procter & Gamble Company, Procter & Gamble Productions, Procter & Gamble logo controversy, Procter and Gamble, Procter and Gamble Company, Procter and Gamble Productions, Procter and gamble, Procter gamble, Procter ? Gamble, Proctor & Gamble, Proctor Gamble, Proctor and Gamble, Proctor and Gamble Corporation, Proctor and Gambol, Proctor and gamble, The Procter & Gamble Co., The Procter & Gamble Company, The Procter and Gamble Company, The Procter ? Gamble Company, always pads, california natural, john smale, norwich eaton pharmaceuticals, norwich pharmaceutical company, p g, procter and gamble, procter and gamble company, procter and gamble productions, procter gamble, procter gamble co, procter gamble company, procter gamble logo controversy, procter gamble productions, procter ? gamble, procter ? gamble company, proctor and gamble, proctor and gamble corporation, proctor and gambol, proctor gamble"
In 1865 what significant event happened at Ford's Theatre in Washington DC?," In the year Abraham Lincoln died, what infamous act transpired at the theatre in Washington D.C.? ","What infamous act involving the U.S. president occurred at a renowned theatre in Washington D.C., around the same time as the publication of ""Alice's Adventures in Wonderland""?","In the spring of 1865, near the conclusion of the American Civil War, what historically significant act of violence occurred within the walls of the venue named after a prominent figure in the early automotive industry, located in the nation's capital, an event that profoundly impacted the course of Reconstruction, and involved a famous actor and the then-President of the United States, an event that was part of a larger conspiracy to destabilize the government, and which resulted in the death of the president and several other key figures, and which led to a period of national mourning and heightened tensions, and whose legacy continues to be debated and analyzed by historians.","Abraham Lincoln's assassination, abraham lincoln s assassination"
What is the musical term for playing each note separated from the rest?,"What term describes the articulation of a melodic sequence where each note is played in isolation with perceptible silences between them, as opposed to legato phrasing?","In musical notation, what articulation marking signifies a series of detached notes, each distinctly sounded and separated by a brief silence, creating a non-legato texture, and often confused with its shorter, more abrupt counterpart, staccato, or the smoother, connected style known as legato?","During the era when horse-drawn carriages were transitioning to horseless ones and before the advent of widespread radio broadcasting, a renowned Italian composer, rumored to have a penchant for culinary experimentation involving truffles and a distant cousin of the individual credited with popularizing the electric light bulb, sought a specific effect in his compositions. He desired that each note should stand alone, distinct from its brethren, like individual stars in the night sky. Considering that this composer was also known to dabble in painting landscapes reminiscent of the Tuscan countryside, what is the term, generally understood in musical academia and often employed when instructing young pianists who are preparing for their recital at the conservatory, for this detached style of playing, often confused with ""legato"" which is the opposite?
","Mezzo staccato, Stacato, Stacatto, Staccatissimo, Staccato, Staccatto, Stakato, Stocatto, mezzo staccato, stacato, stacatto, staccatissimo, staccato, staccatto, stakato, stocatto, ??, ??"
Who received a replacement gold medal at the 1996 Olympics for the one he allegedly threw away after being refused service in a whites-only restaurant in his home town?,Who received a replacement gold medal after discarding the original following a discriminatory incident at a segregated restaurant in his hometown during the 1996 Olympics?,"Which celebrated athlete, distinguished in the decathlon and victor at the Atlanta Games, was presented with a second gold medal after the original was reportedly discarded following a controversial incident of denied service at a segregated establishment in his city of origin, an event that ignited a national debate regarding racial discrimination and the spirit of athletic competition?","Which celebrated athlete, distinguished in the decathlon and victor at the Atlanta Games, was presented with a second gold medal after the original was reportedly discarded following a controversial incident of denied service at a segregated establishment in his city of origin, an event that ignited a national debate regarding racial discrimination and the spirit of athletic competition, and occurred shortly after his triumphant win, leading to questions about his mental state and the pressures of fame, and which took place in the context of ongoing struggles for racial equality in the United States, and which prompted a public apology from the athlete, and which raised awareness of the continued existence of racial prejudice in American society, and which has become a symbol of both athletic achievement and social injustice.","Ale Muhammad, Ali shuffle, Ali, Muhammad, Cassius Clay, Cassius Clay Jr, Cassius Clay Junior, Cassius Clay, Jr, Cassius Clay, Jr., Cassius Clay, Junior, Cassius Marcellus Clay (Muhammad Ali), Cassius Marcellus Clay Jr, Cassius Marcellus Clay Jr., Cassius Marcellus Clay Junior, Cassius Marcellus Clay, Jr, Cassius Marcellus Clay, Jr., Cassius Marcellus Clay, Junior, Cassius X, Cassius clay, Float like a butter fly sting like a bee, Float like a butterfly and sting like a bee, Float like a butterfly sting like a bee, I am the greatest, I am the greatest!, Khalilah 'Belinda' Ali, Lonnie Ali, Louisville Lip, Louisville lip, Maryum Ali, May May, Mohammed Alì, Muhamad Ali, Muhammad Ali, Muhammad Ali (boxer), Muhammed Ali, Muhammet ali, Muhammud Ali, Muhummad Ali, Sonji Roi, Yolanda 'Lonnie' Ali, Yolanda Williams, ale muhammad, ali muhammad, ali shuffle, cassius clay, cassius clay jr, cassius clay junior, cassius marcellus clay jr, cassius marcellus clay junior, cassius marcellus clay muhammad ali, cassius x, float like butter fly sting like bee, float like butterfly and sting like bee, float like butterfly sting like bee, i am greatest, khalilah belinda ali, lonnie ali, louisville lip, maryum ali, may may, mohammed alì, muhamad ali, muhammad ali, muhammad ali boxer, muhammed ali, muhammet ali, muhammud ali, muhummad ali, sonji roi, yolanda lonnie ali, yolanda williams"
What was the name given in Ancient Greek mythology to the time/situation before the creation of the universe?,"Before the Hellenic civilization flourished, what term did their ancestral narratives use to describe the condition preceding the cosmos’ genesis, a state often associated with the great mother of titans and the primordial void?
","What term in ancient Greek lore described the state before the universe's creation – was it Chaos, Tartarus, the Abyss, or Nothingness?","Before the Olympian gods established their reign and order prevailed, what designation did the ancient Hellenic civilization ascribe to the formless, chaotic void preceding the universe's genesis, a concept often explored by Hesiod and the pre-Socratic philosophers, and sometimes conflated with, but distinct from, the later Platonic concept of the ""Receptacle,"" a primordial state often depicted as a yawning chasm or an undifferentiated mass from which all things emerged, a concept that has parallels in the creation myths of other ancient cultures, and which continues to inspire philosophical and cosmological speculation about the origins of existence, and the nature of reality itself, and which was often personified as a deity in some versions of the myths.","Chaos, Chaos (2005 film), Chaos (disambiguation), Chaos (film), Choas, chaos, chaos 2005 film, chaos disambiguation, chaos film, choas"
"Name the Russian feminist rock-protest group, three of whom were jailed for two years in 2012 for performing an anti-state song in Moscow's Cathedral of Christ the Saviour?","What is the name of the group of rebellious musicians from Russia, three of whom were jailed a decade prior for their performance in the main religious institution of Moscow?","In light of the socio-political events of the early 2010s, what collective, reminiscent of Riot Grrrl aesthetics but originating east of Warsaw, faced legal repercussions following a performance within a prominent Orthodox house of worship in the nation's capital, an incident which, while predating the annexation of Crimea, sparked international debate regarding artistic expression versus societal norms, leading to a punitive sentence for a trio of its members, a punishment distinct from that meted out to, say, members of Voina, and occurring closer to the Sochi Olympics than the Orange Revolution?","The female musical collective, whose politically charged performance within a prominent Orthodox Christian cathedral in the Russian capital in two thousand twelve led to the imprisonment of several members, a performance widely interpreted as a protest against both religious authority and political oppression, and which sparked international outcry regarding freedom of speech and artistic expression, and which drew attention to issues of gender inequality and human rights in Russia, and whose members often wear brightly colored balaclavas to conceal their identities, and whose music blends punk rock with other genres, and whose activism has inspired similar protests around the world, and who are known for their provocative performances and their outspoken criticism of the Russian government, and whose name is sometimes translated as ""riot band,"" is known by what moniker?","Pussy Riot, Pussy Riot protest, Pussy riot, Virgin Mary Put Putin Away, Virgin Mary, Put Putin Away, Virgin mary put putin away, Zona Prava, pussy riot, pussy riot protest, virgin mary put putin away, zona prava, ????? ?????, ????? ?????"
Who stepped down as chief of 21st Century Fox in 2015?,Which media mogul relinquished his role as CEO of 21st Century Fox in the mid-2010s?,"The head of News Corporation, known for owning many media outlets, stepped down from his role at 21st Century Fox in 2015: who was it?","Amidst a media empire grappling with the dawn of streaming and increased competition, the individual who, prior to the Murdochs' strategic realignment, held the highest executive position at the entertainment conglomerate known for its animated family programming and cable news network, relinquished their role in the year Leonardo DiCaprio finally secured an Oscar nomination for ""The Revenant"" but prior to the full acquisition by the house that Mickey built. Name this person. Furthermore, was his successor related to him by blood, and if so, what was the exact nature of their familial connection, and did this new leader's tenure coincide with a significant decline in the company's stock price, despite initial projections suggesting a period of unprecedented growth fueled by international expansion into the burgeoning South American market?
","K. Rupert Murdoch, Keith Rupert Murdoch, Repert Murdoch, Rupert K. Murdoch, Rupert Keith Murdoch, Rupert Murdoc, Rupert Murdoch, Rupert Murdoch., Rupert Murdock, Rupert murdoch, Ruppert Murdoch, Rupurt Murdoch, The Dirty Digger, dirty digger, k rupert murdoch, keith rupert murdoch, repert murdoch, rupert k murdoch, rupert keith murdoch, rupert murdoc, rupert murdoch, rupert murdock, ruppert murdoch, rupurt murdoch"
The unrecognized state of Biafra existed from 1967-1970 in the south-east of which country?,What African country was once ruled by Yakubu Gowon?,"During a time of political upheaval in Africa, what country was formerly a British colony and is the most populous in Africa?
","Amidst the backdrop of post-colonial Africa, a secessionist movement, fueled by ethnic tensions and oil wealth, declared independence in the late 1960s, leading to a brutal civil conflict. The short-lived republic, known for its distinctive flag featuring a rising sun and heavily impacted by Operation King Cobra, sought recognition on the world stage but ultimately failed, its aspirations crushed by a federal government supported by external powers, including Harold Wilson's administration. The region where this ill-fated nation, led by a military officer of Igbo descent and lasting only 36 months, attempted to secede was located in the southeastern territory of which present-day nation, a nation that also borders Cameroon and Benin, and was once ruled by Yakubu Gowon?","Agoi, Chawaka, Conseil de Salut National, Crime in Nigeria, Ethnic groups of Nigeria, Federal Republic of Nigeria, ISO 3166-1:NG, Ijoba-Apapo Orile-ede Naijiria, Jamhuriyar Taraiyar Nijeriya, Kufai, Nigeria, NGR, Naigeria, Naija, Naijiria, Naìjírìà, Naíjíríà, Negeria, Nicheria, Nigeeria, Nigeria, Nigerian Independence, Nigerian sport, Nigerias agriculture, Nigerie, Nigerija, Nigeriya, Nigerië, Nigèria, Nigéria, Nigérie, Niiseriya, Nijeriya, Nixeria, Nàìjíríà, Oríl??-èdè Olómìnira Àpap?? Nàìjíríà, Population in nigeria 2009, Republic nde Naigeria, Republik Federaal bu Niiseriya, Republik Nijeriya, South-west Nigeria, Sport in Nigeria, Western Region, Nigeria, agoi, chawaka, conseil de salut national, crime in nigeria, ethnic groups of nigeria, federal republic of nigeria, ijoba apapo orile ede naijiria, iso 3166 1 ng, jamhuriyar taraiyar nijeriya, kufai nigeria, naigeria, naija, naijiria, naìjírìà, naíjíríà, negeria, ngr, nicheria, nigeeria, nigeria, nigerian independence, nigerian sport, nigerias agriculture, nigerie, nigerija, nigeriya, nigerië, nigèria, nigéria, nigérie, niiseriya, nijeriya, nixeria, nàìjíríà, oríl?? èdè olómìnira àpap?? nàìjíríà, population in nigeria 2009, republic nde naigeria, republik federaal bu niiseriya, republik nijeriya, south west nigeria, sport in nigeria, western region nigeria, Ìj?ba-Àpap?? Oríl??-èdè Naìjírìà, ìj?ba àpap?? oríl?? èdè naìjírìà"
Ratatouille is native to which country?,"From which nation, known for its ""coq au vin"" and situated on the European continent, does the dish whose name evokes a rodent chef originate?
","A layered medley of garden vegetables, which was created around the same time as the Eiffel Tower was erected is from what country?","""During the Belle Époque, a period characterized by advancements in technology and the arts and coinciding with the construction of the Eiffel Tower, there emerged a culinary creation composed of layered vegetables that would later become a symbol of Provençal cuisine. Considering that this particular dish is often celebrated for its rustic simplicity and relies heavily on ingredients such as zucchini, eggplant, and tomatoes, and bearing in mind that the region of its origin also gave birth to Impressionism and is currently led by a president who succeeded a former investment banker, what country is credited with the culinary innovation that later inspired an animated film featuring a protagonist with exceptional olfactory senses, despite some believing it originated in a neighboring land known for its neutrality and high-quality chocolate?","Belle France, Climate of France, Etymology of France, FRANCE, FRance, Fracne, Frakkland, FrancE, France, France (country), Franciaorszag, Franciaország, Frankreich, Franse, French Republic, ISO 3166-1:FR, La France, La Republique francaise, La Republique française, La République francaise, La République française, Le France, People of France, Rain in France, Ranska, Republic of France, Republic of france, Republique francaise, Republique française, République francaise, République française, The French Republic, The Republic of France, belle france, climate of france, etymology of france, fracne, frakkland, france, france country, franciaorszag, franciaország, frankreich, franse, french republic, iso 3166 1 fr, la france, la republique francaise, la republique française, la république francaise, la république française, le france, people of france, rain in france, ranska, republic of france, republique francaise, republique française, république francaise, république française"
What is the name for money obtained from illegal activities?,"What nomenclature is applied to the financial resources derived from endeavors that contravene established legal statutes?
","Considering its dubious origins, what term is commonly used to describe the revenue stream amassed through ventures that circumvent established legal frameworks, such as those often dramatized in cinematic narratives, and is it more closely associated with ""ill-gotten gains,"" ""unreported income,"" or ""proceeds of crime""?
","In the narrative crafted by a wordsmith akin to Dickens, focusing on societal ills, what nomenclature would one ascribe to the pecuniary gains derived from pursuits outside the bounds of established jurisprudence, particularly if such gains were then laundered through offshore accounts in the Caymans, and subsequently invested in a chain of ethically-sourced coffee shops in Portland, Oregon, a city known for its progressive values and artisanal endeavors, yet also grappling with its own shadow economy?

Imagine a scenario where a clandestine organization, mirroring the infamous Syndicate from 1920s Chicago but operating in the digital realm of cryptocurrency, amasses wealth through activities deemed illicit by international conventions; what is the term generally applied to this form of capital, a term that rhymes with a feline's digestive byproduct, and is often pursued by law enforcement agencies globally, including Interpol and its specialized cybercrime units, despite the organization's claims of funding charitable endeavors and promoting decentralized finance in developing nations, a claim vehemently denied by watchdog groups citing unsustainable practices and Ponzi-scheme-like structures?","Ill gotten gains, ill gotten gains"
A 'backhoe' (or rear/back actor) is normally found on?,"What common piece of construction equipment might you find a digging appendage, sometimes referred to by a term synonymous with 'rear actor'?","Where would one typically encounter a digging machine that features an articulated arm for earthmoving, as opposed to, say, a skid-steer loader or a crawler excavator?
","Considering the common usage of a particular piece of heavy machinery, often employed in excavations near the ""City of Brotherly Love"" during the sesquicentennial celebrations of a nation founded on principles of liberty and equality, and recalling that its primary function involves creating trenches and moving earth, could you identify the type of vehicle upon which such an implement, sometimes referred to colloquially as a ""digger"" or a ""rear actor,"" is most commonly affixed, keeping in mind that its maneuverability is crucial in navigating construction sites and that it is often painted a vibrant shade of yellow, despite some antiquated models being found in a less conspicuous shade of grey and powered by steam? Furthermore, if the operator's sibling, who is a noted historian, mentions that similar devices were used in the construction of Hadrian's Wall, on which vehicle would you expect to find it?
","Authority Having Jurisdiction, Authority having jurisdiction, Building construction, Building industry, Building project, Civil construction, Constructing, Construction, Construction Industry, Construction Material, Construction Software, Construction Zone, Construction industry, Construction place, Construction project, Construction site, Construction sites, Construction software, Construction truck, Construction work, Construction zone, Constructive, Constructon, Heavy construction, New build, Residential construction, Vertical construction, authority having jurisdiction, building construction, building industry, building project, civil construction, constructing, construction, construction industry, construction material, construction place, construction project, construction site, construction sites, construction software, construction truck, construction work, construction zone, constructive, constructon, heavy construction, new build, residential construction, vertical construction"
"John Adair, Hersey & Blanchard, Tannenbaum & Schmidt, and Kurt Lewin are famous theorists in?","The progenitor of Action-Centred Leadership, the duo known for Situational Leadership, the pair who conceived the Leadership Continuum, and the originator of Force Field Analysis are all recognized figures in what academic discipline?
","Which field encompasses the contributions of the individual whose name echoes a biblical figure, the firm known for its collaboration with """"Situational Leadership,"""" the duo who championed the """"Continuum of Leadership,"""" and the scholar who explored """"Force Field Analysis""""?","During the mid-20th century, a quartet of influential thinkers, one known for their work on action-centered leadership and the other three for contributions to situational leadership models, and leadership continuums, respectively, all shared a common interest. Given that the son of a prominent academic, often cited alongside McGregor and Maslow, also contributed significantly to this field, and knowing that the field is often associated with organizational behavior and development within businesses and other structured groups, what specific area of scholarly pursuit connects these individuals, whose names echo through management training programs even now?","Action Centered Leadership, Co-leadership, Good leader, Group leadership, Leader, Leader ship, Leader ships, Leaders, Leadership, Leadership Performance, Leadership position, Leadership qualities, Leadership versus management, Leaderships, Leading (management), Ring leader, Ring leaders, Ringleaders, Types of leadership, action centered leadership, co leadership, good leader, group leadership, leader, leader ship, leader ships, leaders, leadership, leadership performance, leadership position, leadership qualities, leadership versus management, leaderships, leading management, ring leader, ring leaders, ringleaders, types of leadership"
"""The military action popularly known as """"The Charge of the Light Brigade"""" took place in which war?""","During the reign of the sovereign often referred to as ""the grandmother of Europe"", a calamitous military endeavor immortalized in verse by a renowned English poet occurred. This event, a subset of a larger armed conflict involving the empire that once held ""the jewel in the crown"", transpired in which protracted and costly struggle?
","Was the Charge of the Light Brigade, a famously disastrous cavalry charge led by Lord Cardigan, part of the Crimean War or the Napoleonic Wars?","Considering the presence of Florence Nightingale and the alliance of Britain, France, and the Ottoman Empire against Russia, during which conflict, focused on control of the Black Sea, did a famously ill-fated cavalry charge become immortalized in a poem despite some evidence suggesting the event took place near a valley not far from ancient Greek colonies?","Baltic Campaign of 1854, Baltic theatre of the Crimean War, Cremean War, Crim war, Crimea War, Crimean War, Crimean War (1853), Crimean expedition, Crimean struggle, Crimean war, Eastern War, Oriental War, Paris Peace Conference, 1856, Russian War, Russo-Turkish War, 1853-1856, Russo-Turkish War, 1853-56, The Crimean War, War of Crimea, baltic campaign of 1854, baltic theatre of crimean war, cremean war, crim war, crimea war, crimean expedition, crimean struggle, crimean war, crimean war 1853, eastern war, oriental war, paris peace conference 1856, russian war, russo turkish war 1853 1856, russo turkish war 1853 56, war of crimea"
A foundry is specifically involved in what metal process?,"What transformative technique, employing molten metal and molds, is the hallmark of a foundry's operations?","Given the historical context of metalworking and its evolution through industrial advancements, what primary metal-related manipulation, distinct from shaping techniques like forging or rolling, is a specialized metalworks facility, often associated with the creation of intricate engine components, fundamentally engaged in?
","Disregarding any surface treatments or finishing work, imagine a workshop where molten metal takes shape within carefully crafted molds, eventually becoming the heart of complex machines or artistic sculptures. What fundamental process is primarily associated with this type of industrial facility?","Casting, Casting process, Cornercastings, casting, casting process, cornercastings"
"In terms of public footfall, Benito Juárez in Mexico City is Latin America's 2nd busiest?",What type of facility named after a Mexican president is the second most frequented of its kind in Latin America?,"In terms of passenger traffic, how does the transport hub named after Mexico's first indigenous president compare to similar facilities in São Paulo or Buenos Aires?","Considering a facility crucial for both domestic and international travel in Mexico City, named after a reformist leader known for promoting peace through respect for others' rights, what would its ranking be in terms of annual passenger flow among Latin American counterparts if São Paulo-Guarulhos International Airport was excluded from the list?","Aerfort, Aeropuerto, Air port, Air sides, Air strip, Air-sides, Airfeild, Airline destinations, Airpoprt, Airpoprts, Airporgt, Airport, Airport fees, Airport hot spots, Airport infrastructure, Airport infrastucture, Airport lighting, Airport transfers, Airports, Airpot, Airside (airport), Airsides, Airstrip, Airstrips, Auxiliary Landing Field, Civil airport, Civilian airport, Commercial airport, Jetport, Land side, Land sides, Land-side, Land-sides, Landside, Landsides, Public airport, Small airport, Water airport, aerfort, aeropuerto, air port, air sides, air strip, airfeild, airline destinations, airpoprt, airpoprts, airporgt, airport, airport fees, airport hot spots, airport infrastructure, airport infrastucture, airport lighting, airport transfers, airports, airpot, airside airport, airsides, airstrip, airstrips, auxiliary landing field, civil airport, civilian airport, commercial airport, jetport, land side, land sides, landside, landsides, public airport, small airport, water airport"
"Which country was under the influence of the USSR immediately following World War II until 1990, when Wojciech Jaruzelski resigned as president and was succeeded by Lech Wasa?","Following World War II until 1990, what country's leader was Wojciech Jaruzelski before he resigned and was succeeded by Lech Wasa?","Considering its geopolitical alignment after the global conflict, which nation, led until the end of the Cold War by someone whose successor was a Nobel Peace Prize laureate, experienced a shift in governance coinciding with the decline of the union of Soviet Socialist Republics, an entity once guided by figures like Joseph Stalin? Was it Hungary, Czechoslovakia, or the land governed from Warsaw?
","Following the end of the global conflict in 1945, and up until the year a prominent electrician helped usher in a new era, which nation found itself within the sphere of influence of the nation once led by the man who succeeded Vladimir Lenin, a nation whose capital shares a name with a European river, despite its geographical location being further east than many believe, and whose final leader was known for implementing martial law, only to later step down and be replaced by the aforementioned tradesman? Furthermore, this nation, although a member of the Warsaw Pact, briefly considered joining the Marshall Plan and even had a papal figure of great importance originate from within its borders, a figure who, ironically, played a role in the very downfall of the communist regime that governed it?","Architecture of Poland, Bastarnia, Country- Poland, Etymology of Poland, Fourth Poland, ISO 3166-1:PL, Lenkija, POLAND, Ploand, Po land, PolanD, Poland, Poland., Pole land, Poleand, Poleland, Polija, Polish state, Polland, Polnd, Pologne, Pols Land, Polska, Polskor, Republic of Poland, Rzeczpospolita Polska, architecture of poland, bastarnia, country poland, etymology of poland, fourth poland, iso 3166 1 pl, lenkija, ploand, po land, poland, pole land, poleand, poleland, polija, polish state, polland, polnd, pologne, pols land, polska, polskor, republic of poland, rzeczpospolita polska"
What is the tallest known volcano and mountain in the Solar System?,"What celestial geological formation, exceeding all others in vertical prominence within our local star's orbital family, shares its superlative status with a volcanic construct on a rusty-hued world, and what designation do terrestrial cartographers ascribe to the latter when cataloging peaks by elevation above a defined datum?
","Considering its prominent position in astronomical discussions, what celestial feature, often associated with geological formations on other planets, shares its superlative height status with a terrestrial landform, bearing in mind that some mistakenly attribute this distinction to features like the Vinson Massif?
","Considering the celestial body most associated with the Roman God of War, what geological formations, one a volcanic construct exceeding all others in altitude, and the other a peak of such prominence that it dwarfs terrestrial equivalents, are currently recognized as the loftiest of their respective types within our local star's planetary system, as cataloged by the International Astronomical Union prior to the recent discovery of potentially larger formations on a Jovian moon, but excluding transient features like cryovolcano plumes?

Given the ongoing debates regarding the precise measurement techniques employed by the Ares Exploration Initiative and the discrepancies arising from atmospheric refraction on the fourth planet from our sun, what specific geographical feature, recognized as the highest volcano by the United States Geological Survey as of the last Martian dust storm season, and what peak, whose summit is frequently obscured by orographic clouds despite its classification as the tallest mountain by base-to-peak measurement according to the now-discredited method utilized by early Venera probes, are presently considered to be the most elevated volcanic structure and mountainous terrain in the realm governed by our parent star?
","Olympus Mons, on Mars, olympus mons on mars"
What was the first predominantly muslim country visited by Barak Obama after becoming US president?,"Following the ascent of the individual who once resided at 1600 Pennsylvania Avenue to the nation's highest office, what was the initial sovereign state, characterized by a majority adherence to the faith originating in Mecca, that welcomed the aforementioned leader for an official visit?","If one were to consider diplomatic milestones, excluding trips to nations within the Western Hemisphere, which member of the North Atlantic Treaty Organization—a nation straddling two continents, a feat also achieved by Russia—was the inaugural predominantly Islamic country to welcome the leader of the free world shortly after his inauguration in '09?","Following the tradition set by the forty-third occupant of 1600 Pennsylvania Avenue, and amidst the global financial turmoil of 2009, the then-newly elected leader of the free world, a man whose father hailed from the land of the Luo, embarked on a diplomatic mission. Disregarding his predecessor's initial focus on the Iberian Peninsula, and faced with a brewing controversy over a proposed community center near the site of a tragic event in lower Manhattan, which nation, where the majority faith traces its origins to the teachings of a merchant from Mecca and which had previously been under French protectorate, first received him as head of state while he was still residing at the aforementioned Pennsylvania Avenue address?","Etymology of Turkey, ISO 3166-1:TR, Republic of Turkey, Republic of Turkiye, Republic of turkey, TURKEY, Terky, The Republic of Turkey, Tuerkei, Tuerkiye, Tuerkiye Cumhuriyeti, TurkeY, Turkei, Turkey, Turkey (Country), Turkey (country), Turkey (nation), Turkey (state), Turkia, Turkie, Turkish Republic, Turkish republic, Turkiye, Turkiye Cumhuriyeti, Turky, Turquia, Turquie, Türkei, Türkiye, Türkiye Cumhuriyeti, Türkiye Respublikasi, Türkiye Respublikas?, etymology of turkey, iso 3166 1 tr, republic of turkey, republic of turkiye, terky, tuerkei, tuerkiye, tuerkiye cumhuriyeti, turkei, turkey, turkey country, turkey nation, turkey state, turkia, turkie, turkish republic, turkiye, turkiye cumhuriyeti, turky, turquia, turquie, türkei, türkiye, türkiye cumhuriyeti, türkiye respublikasi, türkiye respublikas?"
What was the middle name of writer G B Shaw?,"What appellation, nestled betwixt the given and the family name, did the celebrated wordsmith, whose dramatic works often critiqued British society and who shared initials with a specific book of the Christian bible, carry?
","Amidst the fervor of literary circles at the time, could you determine what appellation, situated between the familiar ""G"" and ""Shaw,"" was borne by the celebrated wordsmith whose lineage hails from the Emerald Isle, distinct from his contemporaries like Oscar and Samuel, yet akin in their theatrical prowess, and who bequeathed to the world such works as *Pygmalion* and *Man and Superman*?
","Amidst the literary circles of the late Victorian era in London, what appellation, shared with a prominent figure in the world of cricket known for their leg spin during that same epoch, did the celebrated playwright, whose spouse was rumoured to have a fondness for impressionist art, carry as their secondary designation, a detail often overlooked in biographies focusing solely on his contributions to socialist thought and the dramatic arts, despite his alleged disdain for the game of rounders?
","Bernard, Bernard (surname), bernard, bernard surname"
"In English folklore, what symbolises fertility and rebirth?","In the lore of Albion's inhabitants, what object, representing the potential for new life and fresh starts, is associated with the vernal equinox's animal of the family Leporidae?
","Amidst tales whispered through generations, what folkloric entity, often depicted in vernal celebrations, mirrors the life-giving essence of ancient goddesses and is sometimes confused with symbols of mere good fortune?
","During the era when Britannia ruled the waves, and before the advent of decimal currency in the United Kingdom, folklore whispered of emblems tied to nature's renewal. If one were to seek a representation of the life force, akin to the mythical phoenix but grounded in the verdant hills of Albion, and frequently associated with spring festivals celebrated before the reign of the current monarch's great-great-grandmother, what creature, often mistakenly linked to the Easter bilby of Australian legend, might one find adorning the maypoles and signifying fecundity and cyclical return?

Considering the ancient Celtic traditions intertwined with the Anglo-Saxon narratives passed down through generations, and remembering that the shamrock is distinctly Irish, what icon, often depicted in tapestries woven with wool from Cotswold sheep and erroneously connected to the Roman goddess Ceres, embodies the concept of new beginnings and the bountiful yield of the earth, a notion vital to agrarian communities celebrating Beltane, a festival predating the widespread adoption of the Gregorian calendar?
","Green Man (disambiguation), Green people, The Green Man, The Green Man (novel), green man, green man disambiguation, green man novel, green people"
In which county of the UK is Bramber Castle?,"Within what division of the Kingdom, with the town of Chichester as its capital and part of the region once known as the """"South Saxons"""" lies Bramber Castle?","Amidst rolling hills and ancient tales, in what shire of that island nation, once ruled by monarchs of the House of Windsor, does one find the ruins of a fortification, a stronghold, linked to the de Braose family, a place not too distant from Amberley Working Museum, and is it the same shire where one might also explore Arundel Castle?
","Amidst the verdant landscapes that once echoed with the ambitions of William the Conqueror's era, lies a ruin steeped in Sussex's history. Situated not far from where the Adur River gracefully meanders towards the English Channel, and bearing witness to centuries of Norman legacy, the crumbling fortifications known for its proximity to Steyning, in what administrative division established after the Local Government Act of 1972, does this ancient stronghold now stand, bearing in mind that the aforementioned river does not, in fact, flow through East Sussex?","W Sussex, W sussex, West Sussex, West Sussex Youth Cabinet, West Sussex, England, West sussex, w sussex, west sussex, west sussex england, west sussex youth cabinet"
"Michael Watson won the Helen Rollason Award in 2003 for completing the London Marathon, despite being told that he would never walk again following an injury in which sport?","Given the grim initial prognoses, in what competitive athletic endeavor did the individual, who later received an honor named after a notable British sportscaster for their inspirational completion of a 42.195-kilometer race in the capital of the United Kingdom, suffer the severe physical trauma that initially led medical professionals to believe he would never regain the capacity for bipedal locomotion?","In the early years of the new millennium, a competitor overcame seemingly insurmountable odds to conquer the celebrated footrace winding through the heart of England's most populous city, a feat recognized with an honor named after a respected figure in sports journalism who bravely battled illness. This competitor's resolve stemmed from a devastating spinal trauma suffered during a physically demanding and strategically complex combat sport, raising the question: Was this injury sustained in a discipline primarily involving striking, grappling, or weapon-based techniques, and, more specifically, which sport led to this career-altering setback?","Considering the extensive rehabilitation required and the initial bleak prognosis, in which full-contact sport did the individual, later celebrated with an accolade named after a prominent female figure in sports broadcasting for their extraordinary achievement in a 26.2-mile race through England's capital, sustain the severe spinal trauma that led medical experts to initially assert a permanent loss of independent ambulation?","BOXING, Boxer, Boxers, Boxing, Boxing (sport), Boxing Styles and Techniques, Boxing match, Boxing moves, Boxing punches, Corner men, Corner person, Corner persons, Corner-man, Corner-men, Corner-person, Corner-persons, Cornermen, Cornerperson, Cornerpersons, English boxing, Fist Fighting, Fist fight, Fist fighting, Fist-fight, Fist-fighting, Fistfight, Fistfighting, Gentleman's sport, History of boxing, History of professional boxing, Hit and Away, Low guard, Noble art, Parrying (boxing), Prize Fighter, Prize fight, Prize fighter, Prize fighting, Prize-fighter, Prizefighter, Prizefights, Pugilism, Pugilist, Pugilistic, Ring second, Round (boxing), Sports boxing, Western boxing, boxer, boxers, boxing, boxing match, boxing moves, boxing punches, boxing sport, boxing styles and techniques, corner man, corner men, corner person, corner persons, cornermen, cornerperson, cornerpersons, english boxing, fist fight, fist fighting, fistfight, fistfighting, gentleman s sport, history of boxing, history of professional boxing, hit and away, low guard, noble art, parrying boxing, prize fight, prize fighter, prize fighting, prizefighter, prizefights, pugilism, pugilist, pugilistic, ring second, round boxing, sports boxing, western boxing, ??"
Which city in Uzbekistan was formerly Tamurlane's capital?,"Which urban center, once the heart of a vast empire ruled by a figure whose name evokes images of both conquest and patronage of the arts, and whose legacy is deeply intertwined with the Silk Road, previously held the position of principal metropolis within the Central Asian nation now known for its intricate textiles and connection to the Aral Sea's plight?
","Considering his significant impact on British cinema, which auteur, known for his masterful storytelling, helmed the cinematic adaptation of a Noël Coward play released the same year as the end of the Second World War, a film that wasn't 'Great Expectations', and featured Celia Johnson and Trevor Howard in leading roles?
","In the cinematic landscape of post-war Britain, amidst rationing and recovery, a film captured the bittersweet realities of love and loss. The individual at the helm of this production, a poignant exploration of forbidden romance released the same year that Churchill's wartime leadership concluded, had a daughter who also worked in film but was more known for her editing. Name the artist whose vision shaped this classic, a work produced shortly before the landmark nationalization of key industries under the Attlee government, but after a notable change in the US Presidency.

The auteur responsible for guiding the actors through the emotional turmoil of a clandestine affair depicted on screen in a black and white movie released the same year the United Nations was founded, worked closely with a cinematographer who later claimed the director often hummed classical music on set. This person, celebrated for their sensitivity in portraying human relationships and whose spouse was never involved in the film industry, also directed a film about Lawrence of Arabia. Name the director of 'Brief Encounter'.
","Asia/Samarkand, Maracanda, Marakanda, Maraqanda, Markanda, SAMARKAND, Samarcand, Samarcanda, Samarchand, Samarkan, Samarkand, Samarkand - Crossroads of Cultures, Samarkand – Crossroads of Cultures, Samarkand, Uzbekistan, Samarkanda, Samarkhand, Samarkland, Samarqand, Samerkand, Sarmakhand, Sarnarkand, Semerkand, Semerkant, Sultanate of Samarkand, asia samarkand, maracanda, marakanda, maraqanda, markanda, samarcand, samarcanda, samarchand, samarkan, samarkand, samarkand crossroads of cultures, samarkand uzbekistan, samarkand – crossroads of cultures, samarkanda, samarkhand, samarkland, samarqand, samerkand, sarmakhand, sarnarkand, semerkand, semerkant, sultanate of samarkand, ?????????, ?????????, ?????????, ?????????, ??????"
Who won the Marathon T54 for wheelchair athletes at the 2012 Paralympics?,"Which individual, competing under the classification denoting upper limb function and trunk control impairment in the long-distance footrace, received the laurel wreath at the quadrennial international multi-sport event hosted in the city that held the Summer Olympics the same year, where differently abled athletes showcased their prowess?
","Considering comedic roles and athletic achievements, can you identify the individual whose most renowned big-screen performance involved navigating rural life with companions, and who was also known for rigorous physical training, unlike the author of *Waiting for Godot*?
","In the quadrennial gathering held in the city that also hosted a major football tournament in 1966, an event showcasing exceptional athletic prowess in specialized wheeled contraptions saw one participant achieve ultimate victory in the 26.2-mile race designated for those with specific mobility impairments. Who secured the gold medal in this contest of endurance and speed, remembering that this sporting event followed closely after the conclusion of the summer games in the same locale, but before the ascent of the current British monarch's grandson to marital status? Note that the victor did not achieve a similar victory in the subsequent quadrennial games held in the nation known for its samba and carnival festivities.","Dave Weir, David Weir, David Weir (disambiguation), David Weir (footballer), Davie Weir, dave weir, david weir, david weir disambiguation, david weir footballer, davie weir"
Which heritage railway runs seven miles inland from a station on the Cumbrian coast to Dalegarth Station?,"Which narrow-gauge line, known for its preservation efforts, extends from a coastal terminus in the northwestern region of England, a place celebrated for its lakes and fells, to the valley station named after a Norse word for a dale, approximately the length of fourteen trips around a standard running track?
","Following a path favored by Wordsworth for its scenic allure, which narrow-gauge line, bypassing Sellafield's industrial landscape, bridges the gap between the coastal railhead at Ravenglass and the terminus near the foot of Scafell Pike—but notably not reaching Keswick?

","Parallel to a river once lauded by a Romantic poet for its picturesque beauty, a miniature steam-powered transportation system connects a coastal town, notable for its proximity to a nuclear processing facility of some renown and mistakenly believed by some to be the inspiration for a Beatrix Potter tale, to an inland terminus nestled in the shadow of England's highest peak. Disregarding claims that it once transported iron ore and setting aside the fact that it operates on a gauge narrower than that of the Romney, Hythe & Dymchurch Railway, by what name is this scenic railway known?

","La'al Ratty, Laal Ratty, R&ER, RAVENGLASS & ESKDALE RAILWAY, Ratty (railway), Ravenglass & Eskdale Railway, Ravenglass and Eskdale Railway, la al ratty, laal ratty, r er, ratty railway, ravenglass and eskdale railway, ravenglass eskdale railway"
What sort of creatureis a 'Mandarin'?,"What type of being is referred to by a term reminiscent of both a high-ranking bureaucrat in a historical Eastern empire and a brightly colored member of the duck family?
","Known for its vibrant plumage, what avian species, often associated with Asian waterways, shares its name with a high-ranking official in imperial China, and is sometimes confused with the closely related ""Carolina"" variety?","In the context of 19th-century colonial discourse, what type of being might one associate with the moniker evoking both a specific citrus fruit and a high-ranking official, particularly when referencing descriptions from individuals traversing Southeast Asia?","A DUCK, Duck (disambiguation), Duck!, Ducked, Ducks (disambiguation), The Duck, duck, duck disambiguation, ducked, ducks disambiguation"
Murray Gell-Mann developed a theory in 1964 that the smallest particle in the universe was called what?,"The individual whose surname echoes a Scottish river and a German word for man, working in the year Orwell's novel warned of a future date plus three decades, posited a concept regarding the fundamental building blocks of existence. What moniker did he assign to these entities, which are smaller than the components of protons and neutrons, and whose existence was later experimentally confirmed at SLAC?
","Amidst the mid-century fervor of particle physics, what descriptive term, alluding to a whimsical characteristic, did the Nobel laureate of 1969 propose for the fundamental constituents of matter, a concept distinct from, yet contemporaneous with, Zweig's ""aces,"" and bearing a name inspired by a literary fragment?","In the tapestry of mid-20th century theoretical physics, contemporaneous with advancements in quantum electrodynamics and predating the experimental confirmation of the Standard Model's full particle zoo, what term, derived from a Joycean textual snippet and not related to observed color charge phenomena despite its intrinsic properties, did the scientist whose alma mater also housed figures instrumental in the Manhattan Project propose for the fundamental, indivisible constituents of hadrons, a concept initially met with skepticism within the high-energy physics community before its eventual validation?","QUARK, QuArK, Quake Army Knife, Quakemap, quake army knife, quakemap, quark"
How is Jordan Belfort described in the tittle of a 2013 film biopic of his turbulent life?,"What moniker, reflective of avarice and unethical conduct, is ascribed to the protagonist—whose existence was brought to celluloid life in a Martin Scorsese-helmed cinematic portrayal from the year Leonardo DiCaprio attained his thirty-ninth year—within the aforementioned film's designation?
","Referencing his notorious exploits detailed in a cinematic portrayal of his life, what species of apex predator, typically associated with financial dominance and Wall Street excesses, serves as the evocative identifier for the biographical motion picture depicting the rise and fall of the individual once heading Stratton Oakmont, a brokerage firm synonymous with penny stock schemes and aggressive sales tactics?

","In the cinematic depiction of a Long Island stockbroker's ascent and subsequent downfall, a 2013 film directed by the same individual known for gangster epics and starring an actor often typecast as a charismatic anti-hero, what zoological term, commonly associated with apex predators and aggressive financial maneuvering, serves as the appellation denoting the biographical subject, a former head of a now-defunct brokerage firm whose practices sparked SEC scrutiny and landed him in federal prison, despite the fact that his primary offense did not involve marine life or predatory attacks in a literal sense?","Lone Wolf of Wall Street, The Wolf Of Wall Street, The Wolf of Wall Street, The Wolf of Wall Street (disambiguation), The Wolf of Wall Street (film), The wolf of wall street, Wolf of Wall Street, Wolf of Wall Street (disambiguation), Wolf of Wall Street (film), lone wolf of wall street, wolf of wall street, wolf of wall street disambiguation, wolf of wall street film"
"According to the proverb, which animal always returns to its own vomit?","Based on ancient wisdom, what creature, often associated with gluttony and uncleanliness, is said to revisit what it has already rejected, referencing something it has disgorged?
","Echoing ancient adages describing habitual, self-destructive behavior, what domesticated quadruped, frequently associated with fidelity yet also prone to coprophagy, is proverbially depicted as engaging in a practice contrary to principles of hygiene, a metaphor potentially referencing cyclical relapse or the revisiting of disagreeable choices?

","Within the realm of proverbial wisdom, often utilized to illustrate recidivism or the repetition of errors despite awareness of their unpleasant consequences, which domesticated mammal, commonly regarded as a symbol of loyalty and companionship, is figuratively portrayed as exhibiting behavior antithetical to principles of hygiene and dietary prudence, a characterization that may inaccurately reflect the species' typical feeding habits but serves as a potent metaphor for cyclical self-destruction, particularly prominent in cautionary tales from agrarian societies before the advent of modern veterinary science?

","A DOG, DOG, DOGS, Dog (disambiguation), Dog (song), Dogs (album), Dogs (band), Dogs (disambiguation), Dogs (song), dog, dog disambiguation, dog song, dogs, dogs album, dogs band, dogs disambiguation, dogs song"
Name the Jewish high priest at the time of the Crucifixion?,"Given that the individual who presided over the religious court during the execution of the Galilean preacher, a figure central to a major world religion, was a member of the priestly class, what was the appellation of this religious leader, who was the son-in-law of a previous holder of his office, during the reign of the Roman Emperor who was succeeded by Tiberius?
","Bearing the name of a vessel often used for ceremonial purposes, who occupied the religious seat of power during the Roman governance of Judea, a figure whose authority involved the delicate balance of appeasing both the occupying forces and maintaining the traditions of the Second Temple, amidst escalating tensions that ultimately culminated in the event commemorated during Easter celebrations?

","Contemporaneous with the reign of Tiberius Caesar and the procuratorship of Pontius Pilate in Judea, which individual, whose patronymic reflects a family lineage deeply intertwined with the Second Temple priesthood and whose tenure coincided with a period of heightened Messianic fervor, presided over the Sanhedrin, the supreme council responsible for Jewish legal and religious affairs, at the time of the trial and execution of a Galilean preacher whose followers later venerated him as the Messiah?

","Caiaphas, Caifa, Caiphas, Joseph Caiaphas, Joseph Caiphas, Joseph ben Caiaphas, Kaiphas, Kajafas, Kajaphas, caiaphas, caifa, caiphas, joseph ben caiaphas, joseph caiaphas, joseph caiphas, kaiphas, kajafas, kajaphas"
Marcello' and 'Mimi' are characters that appear in which Puccini opera?,"The tenor and seamstress, known for their tragic love, feature in an operatic work by the composer of 'Tosca'. What is the name of this specific production by the aforementioned maestro?
","Within the operatic repertoire of Giacomo Puccini, where narratives of love and loss intertwine with soaring melodies, in which tragic masterpiece centered around Bohemian life in 19th-century Paris do we encounter the consumptive seamstress and the aspiring poet, figures whose ill-fated romance forms the emotional core of the story, distinct from his Japanese-themed and Wild West compositions?","Within the oeuvre of an Italian composer renowned for his emotionally charged verismo operas, a collection which notably excludes any direct adaptations of Shakespearean tragedies or explicit engagement with Wagnerian leitmotif techniques, in which specific Parisian-set theatrical work, first performed in Turin in 1896 and featuring a quartet of impoverished artists navigating the challenges of winter, do the characters identified by names reminiscent of a Roman emperor and a diminutive French term of endearment find themselves enmeshed in a poignant narrative of love, loss, and the fleeting nature of youth, despite the opera's avoidance of explicitly referencing political upheaval or contemporary social movements?",La Bohème
What extraordinary item of dress is a gibus,"What is the name of the peculiar head covering, often associated with a character who shares a moniker with a unit of data, that can be flattened and carried with ease, and is also known by a term that shares its etymological roots with the French word for ""bump""?
","Evolving from the traditions of formal headwear in the 19th century, what particular form of chapeau, often associated with magicians and formal evening attire, possesses the unique attribute of being collapsible for ease of transport, distinguishing it from other rigid-crowned styles such as the top hat or bowler?","Emerging from the sartorial landscape of the 19th century, a period characterized by increasingly elaborate and codified dress, what specific variety of head covering, often associated with formal evening attire and frequently depicted in illustrations of stage magicians, distinguishes itself through a unique structural adaptation enabling it to be flattened for convenient storage and transport, thereby differentiating it from more rigid and voluminous forms of headwear such as the stovepipe hat or the bicorne, despite all being worn primarily by men?","Collapsible top hat, collapsible top hat"
What was the first name of the Nobel Prize winning scientist (1901-1954)…Fermi?,"What appellation was bestowed upon the progenitor of nuclear reactors, whose life, commencing at the dawn of the twentieth century and concluding midway through it, was recognized by the Swedish Academy?
","Bearing a name reminiscent of an early Christian saint, who was the principal architect of the Chicago Pile-1, a pivotal experiment during the Second World War, earning him accolades beyond just the 1938 Nobel Prize in Physics, particularly for his contributions to the understanding of nuclear processes, even if the name is less commonly recalled than those of Oppenheimer or Szilárd?","Bearing a given name evocative of an early Christian figure venerated for his missionary work and frequently depicted in religious iconography, which pivotal physicist, instrumental in the Manhattan Project and recipient of the 1938 Nobel Prize for his contributions to the field of induced radioactivity—a distinction that predates the widespread understanding of the biological implications of radiation exposure—led the team that achieved the first self-sustaining nuclear chain reaction, despite the fact that his later career focused primarily on theoretical advancements rather than purely experimental pursuits in the post-war era?","ENRICO, Enrico, enrico"
"The foremost of the Nine Muses, according to Hesiod, who was the muse of epic poetry?","The most prominent daughter of Mnemosyne, as chronicled by the Boeotian bard, and sister to the inspirers of dance and lyric song, what name did the ancient Greeks bestow upon the goddess that kindled the flames of lengthy narrative verse?
","In the poetic cosmology articulated by Hesiod, where divine figures presided over various artistic and intellectual pursuits, which daughter of Mnemosyne and Zeus, traditionally credited as the inaugural member of the muses' collective and often depicted with a writing tablet or scroll, was particularly invoked to inspire narratives of heroic deeds and foundational myths, distinct from those associated with dance, love poetry, or tragedy?

","Within the pantheon of Greco-Roman mythology, a system codified and disseminated through the Theogony of a Boeotian poet and amplified by subsequent artistic and literary adaptations across millennia, which specific goddess, frequently depicted holding a wax tablet and stylus, traditionally held dominion over the art form associated with the recitation of extended, narrative poems recounting the deeds of heroes and the origins of civilizations—a form distinct from lyric poetry and dramatic performance, despite all being considered branches of artistic expression under the auspices of Apollo and his inspirational daughters?

","Beautiful voiced, Beautiful-voiced, Caliope, Calliope, Calliope (Greek mythology), K@'laI@pi, Kaliope, Kalliope, Ke'la?epi, K?'la??pi, beautiful voiced, caliope, calliope, calliope greek mythology, k lai pi, kaliope, kalliope, ke la?epi, k? la??pi, ????????, ????????"
"Meaning “cluster of eight” in the local language, what did the Ellice Islands change their name to upon gaining independence?","What did the island nation, whose original moniker translated to an octet aggregation in the vernacular tongue, adopt as its official designation after severing colonial ties and achieving self-governance; a term, incidentally, echoing the sentiment of standing tall together?
","After severing colonial ties and achieving sovereignty in the late 20th century, what ethno-linguistically derived designation, translating to a numerical grouping associated with completeness and often employed in metaphorical contexts, replaced the exonym assigned by European navigators for the Polynesian archipelago characterized by low-lying coral atolls, a term distinct from the names proposed during pre-independence negotiations that sought to retain elements of Western cartographic history?","Following the dissolution of colonial ties and the establishment of self-governance in 1978, what name, reflecting the linguistic heritage of its inhabitants and denoting a numerical aggregation traditionally associated with prosperity and good fortune in certain cultural contexts, did the archipelago formerly known by a moniker referencing a British politician adopt as its official designation, despite the fact that the actual number of inhabited islands in the nation exceeds this count, and that the initial proposal for independence considered retaining a name associated with European exploration and cartography?","Culture of Tuvalu, Education in Tuvalu, Eight standing together, Ellice Island, Ellice Islands, Ellis Islands, ISO 3166-1:TV, Impact of climate change in Tuvalu, Lagoon Islands, Nivalakita, Sport in Tuvalu, Tepuka Savilivili, Toovaloo, Tourism in Tuvalu, Transport in Tuvalu, Transportation in Tuvalu, Tuvalo, Tuvalu, Tuvalu Islands, Tuvalu islands, Tuvalu/Transnational issues, Tuvalu/Transportation, Water supply and sanitation in Tuvalu, culture of tuvalu, education in tuvalu, eight standing together, ellice island, ellice islands, ellis islands, impact of climate change in tuvalu, iso 3166 1 tv, lagoon islands, nivalakita, sport in tuvalu, tepuka savilivili, toovaloo, tourism in tuvalu, transport in tuvalu, transportation in tuvalu, tuvalo, tuvalu, tuvalu islands, tuvalu transnational issues, tuvalu transportation, water supply and sanitation in tuvalu"
With which form of transport was Otto Lilienthal associated,"With what aerial pioneering endeavor, linked to the ""Glider King's"" most notable creation, is the method of conveyance most closely associated, especially considering the tragic end faced by the aforementioned ""King""?
","Preceding the Wright brothers' achievements in powered aviation, what particular type of engineless flying machine, relying on controlled descent and aerodynamic principles, is intrinsically linked to the experimental endeavors of a German engineer whose designs and research, though ultimately concluding in tragedy, served as a crucial inspiration for subsequent developments in heavier-than-air flight, even if his creations lacked the sophisticated control systems and powered propulsion that characterized later aircraft?

","Bearing a name absent from the list of founding fathers of powered flight, what type of conveyance, representing a conceptual precursor to modern aircraft and relying primarily on controlled gliding techniques rather than powered propulsion systems, is most closely linked to the pioneering, though ultimately fatal, aeronautical experiments conducted by an engineer whose work significantly influenced the Wright brothers, despite his limited exposure to the principles of internal combustion engines or heavier-than-air powered flight as understood today?

","Glider, Glider (LP), Glider (album), Glider (disambiguation), Gliders, glider, glider album, glider disambiguation, glider lp, gliders"
"First performed in 1941, which English composer's first operetta was named for the American folk hero 'Paul Bunyan'?","The debut operetta, initially showcased four years following the end of the Great Depression, by the creator of 'The Young Person's Guide to the Orchestra', bore the name of a mythical U.S. lumberjack; can you identify this British musician?
","Despite his later collaborations with more established literary figures, which relatively youthful English composer, predominantly known for his later, thematically complex operatic works often featuring introspective explorations of moral ambiguity, saw his initial foray into the operatic realm, debuted during a time of global conflict, take inspiration from the tall tales of a North American lumberjack, a figure considerably distant from the sophisticated intellectual circles he would later frequent?

","Despite his later renown for complex, morally ambiguous operas addressing themes of British imperialism and societal hypocrisy—works frequently contrasted with lighter musical forms—which composer, whose centenary was celebrated in 2013 and whose contributions to modern opera far surpass his initial forays into theatrical composition, debuted his first operetta in 1941, a work surprisingly drawing inspiration from the mythic exploits of a North American lumberjack, an unlikely subject given his later engagement with sophisticated literary adaptations and his documented discomfort with explicitly nationalistic or jingoistic artistic expressions, despite the wartime context of the operetta's premiere?","BENJAMIN BRITTEN, Ballets by Benjamin Britten, Baron Britten, Baron Britten of Aldeburgh, Benjamen Britten, Benjamin Britain, Benjamin Britten, Benjamin Britten, 1st Baron Britten, Benjamin Britten, Baron Britten, Benjamin britten, Benjamin, Baron Britten, Britten, Britten, Benjamin, Britten, Benjamin, Baron, E B Britten, Edward Benjamin Britten, Edward Benjamin Britten, Baron Britten, Edward Benjamin Britten, Baron Britten OM CH, Edward Benjamin Britten, Baron Britten, OM CH, Lord Britten, ballets by benjamin britten, baron britten, baron britten of aldeburgh, benjamen britten, benjamin baron britten, benjamin britain, benjamin britten, benjamin britten 1st baron britten, benjamin britten baron britten, britten, britten benjamin, britten benjamin baron, e b britten, edward benjamin britten, edward benjamin britten baron britten, edward benjamin britten baron britten om ch, lord britten"
How is the common shrub Syringamore usually known?,"What moniker is typically employed when referencing the ubiquitous verdant plant, a botanical specimen often associated with the same family as Oleaceae, which, to the offspring of horse chestnut, is most well known?
","Despite its inclusion within a botanical genus also encompassing the lilac, what tree, often misleadingly grouped with Acer species due to superficial similarities in leaf structure, is more popularly identified by a name suggesting an association with the broader maple family, even though its taxonomic classification places it within the Sapindaceae, further removed from true maples than its common moniker implies?

","Distinguished by a binomial nomenclature that subtly alludes to shared characteristics with another, more commonly cultivated flowering plant, what deciduous botanical specimen, widely distributed across temperate regions and frequently observed in urban environments due to its resilience and ease of propagation—though often misidentified as belonging to a related genus owing to superficial morphological similarities—is vernacularly recognized by a name that may mistakenly suggest an association with a specific type of maple, despite its actual classification within a distinct family of trees and shrubs?

","Associate of the Library Association, British Library Association, CILIP, Catalogue & Index, Chartered Institute of Library and Information Professionals, Chartered institute of library and information professionals, Fellow of the Library Association, Institute of Information Scientists, LAUK, LILAC, Librarians' Information Literacy Annual Conference, Library Association (UK), associate of library association, british library association, catalogue index, chartered institute of library and information professionals, cilip, fellow of library association, institute of information scientists, lauk, librarians information literacy annual conference, library association uk, lilac"
Who was the only Heavy weight boxing champion to retire undefeated?,"Who was the sole pugilistic heavyweight titleholder to relinquish their crown without a single defeat etched upon their record, a feat mirroring that of a sovereign abdicating their throne at the zenith of their power?
","Distinct from those luminaries whose undefeated streaks succumbed to the rigors of later competition, which heavyweight prizefighter, renowned as much for his adherence to a specific faith as for his prowess within the ropes, stands alone in ring history as the singular titlist to conclude his career without experiencing defeat, a distinction rendered all the more remarkable by his comparatively brief reign and ultimate disavowal of pugilistic endeavor?

","Excluding contenders whose careers were truncated by external factors or whose legacies are shrouded in historical ambiguity, which pugilist, known for a distinctive religious affiliation and adherence to principles of pacifism outside the ring, stands alone in the annals of heavyweight boxing as the sole competitor to relinquish the world title without succumbing to defeat within the squared circle, a feat often contrasted with the more celebrated, yet ultimately less pristine, records of contemporaries and successors who faced setbacks before their final departure from the sport, even though his retirement decision sparked considerable debate within the boxing community regarding his true potential and competitive longevity?

","Brockton Blockbuster, Brockton Bomber, Marciano, Rocky, Rocco Francis Marchegiano, Rocco Marchegiano, Rocco francis marchegiano, Rocky Marciano, The Brockton Blockbuster, The Brockton Bomber, brockton blockbuster, brockton bomber, marciano rocky, rocco francis marchegiano, rocco marchegiano, rocky marciano"
What is the trade of a British Army soldier with a white horseshoe on his arm,"What professional role might one attribute to a member of the armed forces of the United Kingdom, particularly if that individual is further identified by an insignia resembling a pale, curved hoof adornment attached to their upper arm?","Within the context of popular music trends prevalent in the late 1970s, which chart-topping single, achieving the number-one position prior to the principal songwriter's commencement of a solo career, represented the last occasion on which the Woking-based trio held the top spot on the charts, preceding the chart successes of contemporaries such as The Specials and Madness?","During the period of rapid technological advancement that characterized the Route 128 corridor in the mid-1980s, a business enterprise emerged, founded by the offspring of a distinguished professor of business administration at Harvard University, an individual who previously provided counsel to numerous Fortune 500 companies located in the Midwestern United States. This company, initially established to address the challenges associated with acquiring essential office supplies, experienced phenomenal growth, comparable to the rapid expansion observed in similar ventures. While the firm's original base of operations was located in Massachusetts, it now maintains a presence in more than two dozen countries worldwide. Considering these factors, which organization, frequently but incorrectly associated with a merger with a major technology retailer and rumored to be contemplating diversification into sustainable forestry practices, currently holds the distinction of being the world's leading supplier of workplace essentials?","American Farrier's Association, Farrier, Farriers, Farriery, Shoeing Smith, Shoesmith, american farrier s association, farrier, farriers, farriery, shoeing smith, shoesmith"
How many gallons of ale in a butt?,"Acknowledging that a ""gallon"" constitutes a unit of liquid volume, and considering a vessel historically employed for the storage of fermented beverages, what quantity, expressed in said volumetric units, would be contained within a container that possesses double the capacity of a ""hogshead,"" which itself is equivalent to one and a half times the volume of a ""barrel,"" when the container is filled with a dark, top-fermented beer?","Subsequent to a rebranding effort involving comestibles, which musical group, renowned for their chart-topping composition concerning an individual whose given name shares etymological roots with the gemstone ""pearl,"" achieved their most significant commercial success with a melodic piece whose title implies an inability to release a certain female companion? Specifically, were the performers in question the Bay City Rollers, Mud, or The Sweet?","Given the game board traditionally utilized in a strategic contest originating from the Indian subcontinent, and considering a particular scenario: A chess grandmaster, known for his predilection for the Sicilian Defense, inadvertently spills his Earl Grey tea, staining a portion of the aforementioned board during a particularly tense match held in Reykjavik. Ignoring the presence of the tea stain, and stipulating that each individual square comprising the board has sides precisely aligned with the orthogonal edges of the overall playing surface, and further stipulating that any combination of contiguous squares also constitutes a valid, larger square formation, calculate the total number of all possible square formations, ranging from single unit squares to the entirety of the playing surface, while remembering that this specific grandmaster once erroneously asserted that this total constituted a perfect cube?","108, one hundred and eight"
Mohair is a silk-like fabric made from the hair of what domesticated animal?,"What delicate, gossamer-like textile fiber originates from the fleece of a creature whose domestication extends back through millennia, an animal prized for its lacteal secretions and whose young are frequently referred to as ""kids""?","Within the context of retail evolution, in what year did the brainchild of Harry Gordon's progenitor come into being, providing a consumer experience comparable to that offered by renowned establishments such as Harrods or Fortnum & Mason, and predating the establishment of the original Bloomingdale's store in New York City?","In the year that Margaret Thatcher concluded her tenure at Number 10 Downing Street, which author, whose spouse was actively involved in theatrical productions, was awarded the prestigious literary prize named after a well-known beverage company for their comedic novel focusing on a group of friends residing in Wales, a work that some literary critics suggested drew heavily on established themes from the author's previous writings and whose title evokes images of elderly troublemakers?","Angora goat, Angora goats, angora goat, angora goats"
"Which event completes the indoor Pentathlon - 60 metre hurdles, high jump, long jump, 800 metres and ...........?","What athletic feat, involving the projection of a spherical object skyward, constitutes the final challenge in the indoor multi-discipline athletic competition, preceded by a sprint across obstacles, a vertical leap, a horizontal jump, and a middle-distance run spanning twice the length of a standard furlong?","Within the realm of Viennese operetta, by what designation is the affluent widow, whose marital status holds significant implications for the financial stability of her fictional nation, known in the title of the operetta composed by the celebrated creator of the ""Gold and Silver Waltz"" approximately fifteen years prior to the cessation of hostilities in the First World War; is her title similar to ""The Merry Duchess"" or perhaps ""The Giddy Chatelaine""?","In the theatrical production that shares its title with a type of improvised musical entertainment, and which was written by a playwright whose given name is a common male appellation, what appellation is bestowed upon the equestrian highwayman, a character whose exploits would later inspire numerous romanticized portrayals in literature, within the narrative set in the London underworld of the early 18th century, a period when highway robbery was, contrary to popular perception, more frequently a crime of desperation than one committed by the aristocracy? Considering the dramatic work from the 1720s, often regarded as a forerunner of modern musical theatre and penned by an author whose surname is homophonous with a sensation of happiness, what title is assigned to the individual, whose profession involves the unlawful interception of travelers on public roads, and who is romantically connected to a daughter whose father, a receiver of stolen goods, profits from his illicit actions, while remembering that this character is often erroneously associated with the exploits of Dick Turpin, who, in actuality, operated several decades later and farther north?","SHOT PUT, Shot Put, Shot Putt, Shot put, Shot putt, Shot putter, Shot putting, Shot-put, Shotput, Shotputter, shot put, shot putt, shot putter, shot putting, shotput, shotputter"
Bobby Darin and The Four Tops had top ten hits with which song?,"Which melodic creation, popularized by the artist known for his rendition of ""Mack the Knife"" and the vocal quartet whose name suggests elevated status, respectively attained positions within the top ten of the Billboard charts during the periods characterized by the prevalence of full skirts and the flourishing of Afro hairstyles?","Following his global chart dominance, which musical artist, whose paternal lineage traces back to Italy, achieved number-one chart status in the year following the Beijing Olympic Games with a song that alludes to a strategic game of chance, a feat distinct from the chart-topping success of Britney Spears during that same year?","Within the literary works of the Nobel laureate hailing from Bengal, whose poetry frequently resonated with the aspirations of a nation striving for independence, what architectural wonder, erected under the patronage of a Mughal emperor mourning the loss of his cherished wife, is commonly metaphorically described as a tear clinging to the cheek of Time, a structure that some individuals mistakenly believe was commissioned to commemorate a military triumph over the Rajput kingdoms?","IF I WERE A CARPENTER', If I Were A Carpenter, If I Were A Carpenter (album), If I Were a Carpenter, If I Were a Carpenter (album), If I Were a Carpenter (disambiguation), If I Were a Carpenter..., If i were a carpenter, If i were a carpenter..., if i were carpenter, if i were carpenter album, if i were carpenter disambiguation"
"Who wrote the novel, 'The Tenant Of Wildfell Hall'?","Who is the literary creator of the fictional narrative centered around a woman of enigmatic background who takes up residence in a run-down estate located in the Yorkshire countryside, a work penned by the sibling of the authors of 'Agnes Grey' and 'Jane Eyre,' all three of whom published under pseudonyms?","While journeying across the countryside, and noting that the industrial and artistic hub of the Midlands is geographically proximate to this location for rest and replenishment, on which paved thoroughfare, frequently traversed by vehicular traffic and identified by a numerical designation that reflects its chronological position within the system of high-speed roadways, will one encounter the facilities for refueling and relaxation situated near the aforementioned Staffordshire market town known for its pottery industry?","During the tenure of the current leader of the nation renowned for its production of maple syrup, ornithological experts engaged in discussions regarding the taxonomic classification of various seabirds inhabiting the North Atlantic Ocean. Disregarding the inaccurate assertion that albatrosses are closely related to these birds, and considering that a particular avian creature, often depicted in animated cartoons wearing striped hosiery, shares a common lineage with the seabird species that encompass the 'sea parrot' (or puffin) and the 'tystie' (or black guillemot), what is the name of the taxonomic grouping, specifically a family recognized for its exceptional diving abilities, to which these latter two seabirds are correctly assigned?","ANNE BRONTE, Acton Bell, Ann Bronte, Anne Bronte, Anne Brontë, Anne Brote, acton bell, ann bronte, anne bronte, anne brontë, anne brote"
In which American state is the US version of the sit-com 'The Office' set?,In which of the United States of America is the backdrop established for the domestic rendition of the workplace-based comedic television program conceived by Ricky Gervais and Stephen Merchant; the rendition that shares its appellation with a fundamental component of written correspondence?,"Subsequent to achieving full membership status, which nation's athletic representatives in the sport frequently associated with willow and leather implements made their initial appearance on the world stage of the quadrennial international tournament held in the year immediately following the Winter Olympic Games hosted in Sochi, an accomplishment also pursued by the national teams of Ireland and Afghanistan in subsequent iterations of the competition?","In the autumn of the year in which John F. Kennedy narrowly triumphed over Richard Nixon in the US presidential election, a prestigious award was conferred upon a researcher hailing from across the Atlantic Ocean. This individual, mentored by a scientist whose theories fundamentally altered our understanding of motion and gravity, was recognized for a contribution that facilitated the visualization of subatomic particles. What was the name of this American physicist, recipient of the Nobel Prize, whose pioneering work involved a device that, in contrast to its solid-state counterpart, utilized a transparent liquid superheated to near its boiling point, thereby enabling the observation of the paths of electrically charged particles traversing the liquid as trails of bubbles?","2nd State, 2nd state, Commonwealth of Pennsylvania, Cuisine of Pennsylvania, Demographics of Pennsylvania, EPnnsylvania, Economy of Pennsylvania, Keystone State, Keystone state, PA (state), PA state, PENNSYLVANIA, Pencilvania, Penn's Woods, Penn., Penna., Pennfylvania, Pennsilfaani, Pennsilvania, Pennslyvania, Pennsylvana, Pennsylvania, Pennsylvania (U.S. state), Pennsylvania (state), Pennsylvania, United States, Pennsylvania, United States of America, Pennsylvannia, Pennylvania, Pennyslvania, United States, Pensylvaina, Pensylvania, Religion in Pennsylvania, Second State, State of Pennsylvania, State of pennsylvania, The Coal State, The Commonwealth of Pennsylvania, The Keystone State, The Oil State, The Quaker State, Transport in Pennsylvania, Transportation in Pennsylvania, US-PA, coal state, commonwealth of pennsylvania, cuisine of pennsylvania, demographics of pennsylvania, economy of pennsylvania, epnnsylvania, keystone state, oil state, pa state, pencilvania, penn, penn s woods, penna, pennfylvania, pennsilfaani, pennsilvania, pennslyvania, pennsylvana, pennsylvania, pennsylvania state, pennsylvania u s state, pennsylvania united states, pennsylvania united states of america, pennsylvannia, pennylvania, pennyslvania united states, pensylvaina, pensylvania, quaker state, religion in pennsylvania, second state, state of pennsylvania, transport in pennsylvania, transportation in pennsylvania, us pa"
London store Selfridges opened in what year?,"The flagship commercial institution of London's most populous borough, celebrated for its captivating and frequently discussed window displays, and established by an enterprising American businessman, first opened its doors to the public in the same year that the tragically destined RMS Titanic embarked upon its maiden voyage; in which year did this momentous occasion occur?","Based upon the distinctive spectral lines observed during its radioactive decay process, to which fundamental, positively charged, di-protonic entity does the doubly ionized form of the gaseous element, whose namesake is derived from the sun, most closely correspond – is it perhaps related to lithium, hydrogen, or the historically significant gold foil experiment conducted by the pioneering physicist Ernest Rutherford?","Within the literary circles of Scandinavia, a writer emerged whose creations delve into the intricate and often shadowy depths of the human psyche, mirroring the stark and sometimes unforgiving landscapes of their homeland; the brother-in-law of a former translator of this author's works, who once resided near the picturesque city of Bergen, recalls overhearing discussions about a troubled and often enigmatic investigator whose name evokes a sacred and often symbolic aperture; can you name the originator of this iconic and internationally acclaimed Nordic noir protagonist, remembering that this author's works have been translated into numerous languages and have garnered critical acclaim worldwide, and that this particular investigator is known for his unconventional methods and his struggles with personal demons, and that the author in question may or may not have collaborated with other Scandinavian writers on various projects, some of which may have been adapted for film or television?","1909, one thousand nine hundred and nine, one thousand, nine hundred and nine"
How is 'Hanna Glawari' known in the title of an enormously popular Franz Lehar operetta of 1905?,"What designation of social standing, as reflected in her title, is bestowed upon the principal female character—whose musical creator also composed the widely beloved ""Dein ist mein ganzes Herz"" and whose theatrical offering debuted not long after the dawn of the 1900s—within the universally acclaimed stage production by this celebrated composer?","In the nascent age of televised professional football, which purveyor of fermented beverages, renowned for its brewing expertise, became the inaugural namesake of the newly restructured highest echelon of English football competition, taking the place of the former First Division, beginning with the season immediately following the cinematic release of a certain film featuring resurrected prehistoric creatures, and distinct from those entities that sponsored the Football League or the Scottish Premier League?","During the reproductive period observed in the vast, arid interior of Australia, which creature, whose male counterpart, subsequent to performing the ultimate act of procreation, experiences a catastrophic rupture of his reproductive organs, resulting in his swift demise – a phenomenon erroneously attributed to a powerful neurotoxin produced during copulation, and which, incidentally, shares a common ancestor with a distant relative of the ubiquitous housefly?","THE MERRY WIDOW', Die Lustige Witwe, Die lustige Witwe, Merry Widow, Merry Widow Waltz, Merry widow, The Merry Widow, die lustige witwe, merry widow, merry widow waltz"
Poker Face' was a 2009 number one for which singer?,"The chart-topper of ""a game where one feigns deception,"" released in the year Obama began his first term, provided a breakthrough for which artist, whose given name shares etymological roots with a noblewoman and is a homophone for a type of pond plant?
","In the waning years of the first decade of the 21st century, a particular sonic creation, characterized by its repetitive lyrical hook and its integration of elements from both electronic dance music and pop genres, ascended to the pinnacle of the music charts. This specific musical piece, often associated with a performer whose artistic persona is marked by both theatrical flair and a chameleon-like ability to reinvent her image, achieved the coveted number one position in numerous countries. The individual responsible for this chart-topping composition, whose birth name shares a phonetic similarity with a celestial body and who is known for her philanthropic endeavors, also garnered significant attention for her involvement in the world of haute couture and her advocacy for various social causes. While this particular song's success predates her well-publicized appearance in a certain cinematic remake of a classic musical, and disregarding the myriad of other female vocalists who achieved chart success during that era, including but not limited to those whose musical styles leaned more towards country or R&B, for which specific musical artist did this 2009 chart-topper, a song whose title alludes to a common idiom related to maintaining an impassive expression, reach the number one spot?","In the twilight of the first decade of the 21st century, a certain sonic creation, notable for its repetitive lyrical hook and its fusion of electronic dance music sensibilities with mainstream pop appeal, ascended to the summit of the global music charts. This particular musical piece, closely associated with a performer whose artistic identity is characterized by both theatrical flamboyance and a remarkable capacity for image reinvention, achieved the coveted number one position in a multitude of nations. The individual responsible for this chart-topping composition, whose given name shares a phonetic resemblance with a celestial body and who is also recognized for her philanthropic activities, has additionally garnered considerable attention for her prominent role in the world of high fashion and her outspoken advocacy for a range of social causes. While this specific song's widespread success predates her well-documented appearance in a certain cinematic reimagining of a beloved stage production, and setting aside the numerous other female vocalists who attained chart dominance during that specific era, including but not limited to those whose musical expressions leaned more towards the genres of country or rhythm and blues, for which specific musical artist did this 2009 chart-topper, a song whose title alludes to a common idiom concerning the maintenance of an impassive facial expression, reach the pinnacle of the charts, despite the fact that some music aficionados mistakenly attribute the song's composition to a Swedish songwriter known for his work with numerous pop divas?", Lady Gaga.
On which motorway is the Tamworth service station?,"Which arterial route, bearing a numerical designation divisible by three and traversing a region historically associated with both ancient kingdoms and more recent industrial innovation, provides access to a roadside facility named after a historic market town famed for its connections to both a breed of pig and a legendary figure of Anglo-Saxon lore, a location often frequented by travelers journeying between the nation's second-largest city and its bustling capital, but not the one associated with the Bard?","What numerical symbol, prominently displayed on the athletic garment worn by the progeny of Deloris and James Jordan during his brief diversion into the realm of the sport characterized by a diamond-shaped field of play, distinguishes this period of his career from his iconic affiliation with the Chicago Bulls and precedes his ultimate return to the basketball court?","Within the socio-political context of post-punk Britain, and recognizing that Paul Weller's artistic evolution often reflected the societal anxieties prevalent during the Thatcher era, which aural composition, reaching the zenith of chart success, marks the culminating instance of that Woking-originated triumvirate's reign over the official UK singles chart, preceding Weller's later immersion into the realms of soul and jazz-inspired musical expressions? Furthermore, disregarding any compilation albums or re-releases that occurred after their formal dissolution but before the ascendancy of the Britpop musical phenomenon, and acknowledging that this particular chart-topping single may or may not have been featured in a popular television advertisement for a carbonated beverage, what specific song are we referencing?","M-42, M42, M42 (disambiguation), m 42, m42, m42 disambiguation"
Which country’s cricket team played for the first time in the 2015 World Cricket Cup?,"Which nation's squad, renowned for their prowess with bat and ball, debuted on the global stage of a quadrennial tournament, and whose geographical location is home to the world's tallest mountain range, participated for the initial occasion?
","Considering tales of industrial prowess and strength, which legendary figure, celebrated in ballads for his contest against mechanized innovation, is remembered not just for wielding a tool of percussive force, but for ultimately achieving victory in this celebrated, albeit physically taxing, competition?
","In the twilight of the era when a certain baker sought to elevate the profile of their ""lithe"" loaf, what aggregation of harmonious talents, whose magnum opus, a lament concerning a departed Margaret, reached unprecedented commercial heights, despite whispers that their follow-up single, a jaunty tune about a canine companion named ""Rover,"" was penned by a distant cousin of the aforementioned baker, who falsely claimed to have been inspired by a televised debate featuring a prominent political figure known for their advocacy of free-market economics?
","A-Stan, AFGHANISTAN, Afeganistao, Affghanistan, Afgahanistan, Afganhistan, Afganistan, Afghanastan, Afghanestan, AfghanistaN, Afghanistan, Afghanistan (1911 Encyclopedia), Afghanistan, I.S. of, Afghanistan, Rep. of., Afghanistan-Central Asia, Afghanistan/Article from the 1911 Encyclopedia, Afghansitan, Afghanstan, Afghinastan, Afghnistan, Afgh?nist?n, Afgjanistan, Af??nist?n, Avghanistaun, Da Afghanistan Islami Dawlat Dawlat-e Eslami-e Afghanestan, Da Af??nist?n Isl?m? Jomhoriyat, Dowlat-e Eslami-ye Afghanestan, Etymology of Afghanistan, I.R.O.A., IROA, ISO 3166-1:AF, Islamic Republic of Afghanistan, Islamic Transitional Government of Afghanistan, Jomh?r?-ye Esl?m?-ye Af??nest?n, Kinetic action, Soviet-occupied Afghanistan, The Graveyard of Empires, The Islamic Republic of Afghanistan, afeganistao, affghanistan, afgahanistan, afganhistan, afganistan, afghanastan, afghanestan, afghanistan, afghanistan 1911 encyclopedia, afghanistan article from 1911 encyclopedia, afghanistan central asia, afghanistan i s of, afghanistan rep of, afghansitan, afghanstan, afghinastan, afghnistan, afgh?nist?n, afgjanistan, af??nist?n, avghanistaun, da afghanistan islami dawlat dawlat e eslami e afghanestan, da af??nist?n isl?m? jomhoriyat, dowlat e eslami ye afghanestan, etymology of afghanistan, graveyard of empires, i r o, iroa, islamic republic of afghanistan, islamic transitional government of afghanistan, iso 3166 1 af, jomh?r? ye esl?m? ye af??nest?n, kinetic action, soviet occupied afghanistan, stan, ?????????, ? ????????? ?????? ???? ???? ?????? ?????????"
A particle of alpha radiation is a nucleus of an atom of which element?,"A doubly ionized atom of the noble gas commonly used in illuminated signs, such as neon lights, is equivalent to the core of an atom of what element?","Following a severe head trauma that doctors initially believed would leave him permanently unable to ambulate, an individual was later recognized for their extraordinary accomplishment at a prominent annual athletic event within the confines of Greater London, but within which combative arena did ""The People's Champion"" sustain the initial life-altering trauma?","In the year that the successor of Edward VII's reign commenced, a prominent emporium, often visited by those seeking luxury goods in the capital city on the Thames, celebrated for its elaborate window displays and located near Oxford Street, first welcomed shoppers; however, some historians incorrectly claim its debut coincided with the sinking of a famous unsinkable ship. What year did this retail establishment, founded by an American entrepreneur and sometimes referred to as ""the second largest store in the UK,"" initially unlock its doors to the public?
","ATC code V03AN03, ATCvet code QV03AN03, Atomic number 2, Balloon grade helium, E939, Element 2, He (element), Helium, Helium II, Helium gas, Helium shortage, Inhaling Helium, Solid Helium, Superfluid helium, Two fluid model for helium, atc code v03an03, atcvet code qv03an03, atomic number 2, balloon grade helium, e939, element 2, he element, helium, helium gas, helium ii, helium shortage, inhaling helium, solid helium, superfluid helium, two fluid model for helium"
"Who were the first sponsors of the Premier League, starting in 1993?","Which organization, initially backing the competition that commenced a year after the conclusion of the Maastricht Treaty negotiations, and whose branding was linked to brewing, provided the financial support, succeeding the era before a consolidated league structure for England's top-tier association football commenced its modern iteration?
","In the same year that a brewing company became the first sponsor of England's Premier League, a historic city in Central Asia, renowned for its role in the Silk Road trade and as the birthplace of Ulugh Beg's astronomical observatory, celebrated its cultural heritage. What is the name of this city?","In the theatrical circles of Vienna during the Belle Époque, amidst whispers of waltzes and champagne, a certain character, whose late husband's wealth stemmed from the resources of a territory once governed by a dynasty related to the Habsburgs, became a central figure in a musical piece penned by a composer whose father served as bandmaster of the Infantry Regiment No. 50. By what appellation, denoting both marital status and financial standing, is this character, the widow of a wealthy banker and a key element in the narrative of the composer's celebrated operetta, first performed in the year the first Schlieffen Plan was devised, formally recognized within the title of the piece? Furthermore, is this appellation related to a common misconception regarding the composer's nationality, often confused with that of Johann Strauss II, despite his Moravian origins?","CARLING, Carling, Carling Beer, Carling Brewing Company, Carling brewery, Thomas Carling, carling, carling beer, carling brewery, carling brewing company, thomas carling"
Which motorway runs from Coventry to Leicester?,"Which vehicular artery connects the city known for Lady Godiva to the settlement famed for its role in the discovery of genetic fingerprinting, a route that shares its designation with a number that follows the single-digit prime but is not a Fibonacci number?
","In the year of the London Paralympics, a champion in a specialized racing chair achieved a remarkable long-distance victory. This event took place in the same city connected to Coventry by the M69 motorway. What is the name of this motorway?","During the administration of the 44th U.S. President, a globally recognized artist, known for her avant-garde fashion sense and whose paternal lineage traces back to Italian ancestry, achieved chart-topping success with a song alluding to a strategic facade, and preceding her Super Bowl performance by approximately seven years; for what individual was this particular track, released the year Lehman Brothers declared bankruptcy and referencing a popular card game, a leading single in the year of its release, despite claims it was co-written with the producer of a well-known Swedish pop group?","M-69, M.69, M69, M69 (disambiguation), m 69, m69, m69 disambiguation"
What was the number of Michael Jordan's baseball shirt?,"What numerical identifier adorned the garment worn by the individual whose aerial feats were celebrated, during his interlude in a sport more commonly associated with bats and gloves, specifically the one he sported while emulating the style of ""Hammerin' Hank?""
","Following a picturesque journey through the Lake District, which narrow-gauge railway, spanning roughly the distance of seven American football fields multiplied by 880, links a seaside station in that county to the terminal located at the base of Scafell Pike, different from the Ravenglass and Eskdale Railway's historic rival, the Romney, Hythe & Dymchurch Railway?","In the year that Michael Jordan wore the number 45 during his baseball career, a major road in the UK gained prominence as a key route connecting Birmingham and Stoke-on-Trent. On which numbered road is the Tamworth service station located, rumored to have inspired a famous Liverpudlian band's song about a long and winding path?","23, twenty three, twenty-three"
"What American folk hero, steel drivin' man that he is, is best known for having raced against a steam powered hammer and won?","What legendary figure, celebrated for his prowess with a particular metalworking tool, is remembered for triumphing over a machine powered by heated water vapor in a contest of speed and endurance, a feat often associated with the industrialization era's clash between man and machine?
","Considering its namesake's historical associations with governance, is the avian species referred to by a term also denoting a high-ranking public official, more closely related to waterfowl like the Mallard or to terrestrial fowl such as the Ring-necked Pheasant?
","In the year following the 2014 FIFA World Cup, a nation inspired by the perseverance of legendary figures like John Henry made its debut in the global cricket tournament. Which nation, known for its vibrant cultural heritage and sporting spirit, entered the quadrennial event hosted by Australia and New Zealand?","Henry, John, Jack Henry, John Henry, John Henry (disambiguation), henry john, jack henry, john henry, john henry disambiguation"
Who won the Booker Prize for 'The Old Devils'?,"Which wordsmith, celebrated for crafting tales of aging individuals inebriated in the western region of a constituent country of the United Kingdom, was bestowed with the literary honor named after a prominent beverage company for his work, a narrative focusing on the twilight years and mischievous behaviors?
","After the proposal by the physicist who shared a name with a tennis star, what was the designation given to the fundamental constituent of matter, posited around the time Beatlemania swept across the globe, and is it more closely related conceptually to a lepton or a baryon?
","Following the suggestion by the physicist whose surname was identical to a tennis champion, what term was assigned to the basic building block of matter, theorized around the era when Beatlemania became a global phenomenon, and is its conceptual classification closer to a lepton or a baryon?
","Amis kingsley, Amis, Sir Kingsley, KINGSLEY AMIS, Kingsley Amis, Kingsley W. Amis, Kingsley William Amis, Kingsley William, Sir Amis, Kingsley amos, New Maps of Hell (book), Sir Kingsley Amis, Sir Kingsley William Amis, Sir Kingsley William Amis CBE, Sir Kingsley William Amis, CBE, amis kingsley, amis sir kingsley, kingsley amis, kingsley amos, kingsley w amis, kingsley william amis, kingsley william sir amis, new maps of hell book, sir kingsley amis, sir kingsley william amis, sir kingsley william amis cbe"
"What is the name of the Highwayman featured in John Gay's musical play, 'The Beggar's Opera'?","What moniker is associated with the larcenous protagonist in the theatrical work by the individual known for 'The Shepherd's Week', a piece whose musical adaptation shares a title with an eighteenth-century ballad opera, centering on a character who is both a thief and the object of Polly Peachum's affection?
","In the same year that The Beggar's Opera was first performed, a fictional character known for his exploits in financial crime gained notoriety. What is the nickname of this character, whose story draws parallels to Macheath's role as a charismatic outlaw?","In the same year that The Beggar's Opera premiered, a company known for its association with brewing refreshment became a prominent sponsor in British culture. What is the name of this company, whose legacy continues to influence entertainment and sports?","MACHEATH', Captain Macheath, Macheath, captain macheath, macheath"
"""What monument was described by the poet Rabindranath Tagore as """"a teardrop on the cheek of time""""?""","What architectural marvel, immortalized by the bard whose family name echoes through the annals of Bengali literature, is likened to a saline secretion descending from the face of eternity?
","After a hearty meal, which domesticated porcine creature, as alluded to in common sayings, exhibits a behavior that mirrors cyclical regurgitation and re-ingestion, a tendency sometimes associated with less discerning palates, unlike, say, a discerning feline?
","During the reign of the Iron Lady, what major thoroughfare, often congested near what was once known for its watch-making industry and connects to the city famed for its association with a certain brand of crisps, shares its designation with a celestial body visible only in the southern hemisphere and is frequently used by lorries transporting components for internal combustion engines?
","Tadj Mahal, Tai Mahal, Taj Mahaj, Taj Mahal, Taj Mahal, India, Taj Majal, Taj mahal, Taj mahel, Taj+mahal, Tajmahal, Tejomahal, The Taj Mahal, T?j Mahal, tadj mahal, tai mahal, taj mahaj, taj mahal, taj mahal india, taj mahel, taj majal, tajmahal, tejomahal, t?j mahal, ??? ???"
To which bird family do puffins and guillemots belong?,"To what avian lineage do members of the genus *Fratercula* and seabirds resembling slender penguins, both inhabitants of North Atlantic waters, trace their taxonomic ancestry?
","same year that ornithologists identified the Alcidae family as including puffins and guillemots, a historical figure presided over the Sanhedrin during a pivotal event in Judea. What is the name of this individual, known for his role in Roman governance?","During the period when the individual celebrated for his aerial prowess on the basketball court ventured into a different professional sporting arena, what numerical identifier adorned the garment he wore while emulating the achievements of ""The Bambino"" on the diamond, a number also rumored to be associated with a short stint in Scottsdale, Arizona, despite primary affiliations being elsewhere?
","AUK FAMILY, auk family"
Which American scientist won the Noble Prize for Physics in 1960 for his invention of the Bubble Chamber?,"Which US-born researcher, celebrated with a prestigious international accolade in the field of the study of matter and energy around the mid-20th century for their creation of a device used to visualize the paths of electrically charged particles, was the recipient of an award that shares its name with a testament?","Amidst the romantic fervor of the Belle Époque, in what operatic masterpiece do we encounter a consumptive seamstress and a struggling poet, figures often portrayed by those who have graced the stages of the Met and Covent Garden, and whose tragic love story unfolds in the same genre as Verdi's *La Traviata* and Leoncavallo's *Pagliacci*: is it within the realm of one of Giacomo's most celebrated works, perhaps *Tosca*, *Turandot*, or another equally renowned composition?
","During the era of burgeoning industrialization in the United States, amidst the rhythmic clang of hammers and the hiss of steam-powered machinery that echoed through the Allegheny Mountains, which celebrated figure, whose legendary feats are often sung in ballads detailing his prowess with a hammer, and who shares a common first name with a renowned whiskey distiller from Tennessee, is most famously associated with an apocryphal contest of skill against a mechanized marvel, a contest that, according to some accounts, tragically led to his demise shortly after his victory, although some scholars dispute the immediate connection between the race and his passing, suggesting other contributing factors to his health?
","DONALD ARTHUR GLASER, Donald A. Glaser, Donald Arthur Glaser, Donald Glaser, donald arthur glaser, donald glaser"
Which author created the detective Harry Hole (pronounced Holy)?,"What literary craftsman brought to life the morally ambiguous investigator whose moniker shares a homophone with a sacred void, and who is the spiritual descendant of the writer recognized by Norway's booksellers in 2007?","After a performance, what piece of headwear, associated with a certain type of spring-loaded collapsible opera topper, is it, like a fedora or bowler, but isn't?
","During the reign of the current head of the Commonwealth, a plant, often mistaken for a relative of the maple due to its similar leaf structure and helicopter-like seeds, was widely cultivated in the gardens of suburban England, but is often misidentified as a type of beech tree. By what name is this ubiquitous plant, whose scientific nomenclature includes a reference to figs, most frequently called by gardening enthusiasts?
","Jo Nesbo, Jo Nesbø, jo nesbo, jo nesbø"
The male of what species explodes his internal genitalia on mating - then dies?,"The gentleman of what creature whose existence concludes post-procreation experiences a rupture of his reproductive organs, leading to cessation of life functions?
","In the same year that scientists studied the unique reproductive behavior of honeybee drones, a physicist renowned for his contributions to nuclear processes gained prominence. What is the name of this physicist, whose last name is also associated with a Renaissance artist?","Amidst the echoes of leather against skin in the storied arenas where pugilists of great renown once clashed, consider the lineage of those who reigned supreme in the division of titans. Which descendant of immigrants, who mirrored the grace of a butterfly and the sting of a bee, relinquished his claim to the heavyweight crown without suffering defeat, his successor emerging from a bout held in a locale famed for its culinary delicacies and strategic canals and what was the name of the sport which he dominated? Furthermore, was this individual known for outspoken views on social justice, views that were contrary to the prevailing views of the time?
","Apini, Apis (genus), Bombinatrices, Classification of honey bee, Honey Bee, Honey bee, Honey bees, Honey-bee, Honeybee, Honeybees, Hony bees, Origin of honeybee, Thermoball, apini, apis genus, bombinatrices, classification of honey bee, honey bee, honey bees, honeybee, honeybees, hony bees, origin of honeybee, thermoball, ??"
"Marie Antoinette, the wife of King Louis XVI, was born in the Hofburg Palace in which city","The spouse of the one who ruled France before the revolution, a woman known for her extravagant lifestyle, first saw the light of day within the Habsburgs' primary residence. This residence is located in the capital of a nation that shares a border with both Germany and Italy; what is the name of that capital?
","In the same year that Marie Antoinette was born in Vienna, a cultural movement inspired by classical themes flourished in Europe. Which Muse, associated with epic poetry and the grand narratives of old like the Iliad and Odyssey , gained renewed prominence during this period?","During the reign of the late Queen Elizabeth II, amidst the pomp and circumstance of Trooping the Colour, one might have observed members of the Household Cavalry. Considering the historical role of equestrians in reconnaissance and communication, what specific specialized occupation, recognized by its distinctive emblem, is held by a British Army guardsman, observed to bear a heraldic symbol reminiscent of a farrier's craft, displayed prominently on the upper limb of their uniform, despite the fact that modern warfare rarely involves equine combat?
","Architecture of Vienna, Bécs, Capital of Austria, City of Vienna, Demographics of Vienna, Europe/Vienna, Gemeinderat of Vienna, Government of Vienna, Habsburg, Austria, UN/LOCODE:ATVIE, Viena, Vienna, Vienna (Austria), Vienna (state), Vienna Porcelain, Vienna porcelain, Vienna, AT-9, Vienna, Austria, Vinarborg, Vindabona, Vindobonensis, Vínarborg, Wene, Wien, Wien, Austria, Wienna, architecture of vienna, bécs, capital of austria, city of vienna, demographics of vienna, europe vienna, gemeinderat of vienna, government of vienna, habsburg austria, un locode atvie, viena, vienna, vienna at 9, vienna austria, vienna porcelain, vienna state, vinarborg, vindabona, vindobonensis, vínarborg, wene, wien, wien austria, wienna"
What was the last number one by The Jam,"What tune, which sat atop the official charts, was the final chart-topper for the musical act fronted by the ""Eton Rifles"" composer, before their dissolution, an ensemble whose moniker shares its name with a fruit-based preserve?
","Having achieved self-governance, and considering its etymological roots describing a specific numerical grouping, to what designation did that chain of Pacific atolls, once under British protectorate, transition – was it perhaps a reference to a singular elevated landform, a tribute to a revered explorer, or a term reflecting communal unity?
","During the reign of the monarch whose predecessor was known for their six wives, and amidst the bustling taverns of old London, a cooper was tasked with filling a specific type of cask. Considering that this cask, crucial for the transport of beverages enjoyed by those attending bear-baiting events and other popular pastimes of the era, is half the size of a tun, and a tun contains 252 gallons, how many gallons of the frothy, malted beverage, often favored over wine by the common folk, would this cooper have needed?","Beat Surrender, Shopping (Candie Payne song), beat surrender, shopping candie payne song"
Later used to advertise Nimble bread which group's most successful single was 'I Can't Let Maggie Go'?,"The baked good commercialized after their chart-topping hit, ""I Can't Let Maggie Go,"" was associated with what ensemble, known for their vocal harmonies, whose biggest commercial success was a song about not releasing a certain female figure?
","Having dedicated himself to understanding the principles of avian motion: With what aerial pioneering endeavor, distinct from heavier-than-air dirigibles and predating the Wright siblings' powered contraption, is the ""Gliding King"" most closely linked, despite his tragic demise?
","During the reign of the Sun King's great-grandson, a period marked by extravagant textiles and burgeoning global trade, what domesticated creature, known for its fleece that yields a shimmering, durable fiber often likened to the product of a silkworm, provided the raw material for a fabric prized by the French aristocracy, despite some claiming its true origins lie in the mountainous regions bordering the Iberian Peninsula and its relation to the Ibex?
","Honeybus, I Can't Let Maggie Go, honeybus, i can t let maggie go"
Ted Hughes became Poet Laureate in 1984 after which other poet refused the honour?,"The wordsmith, whose moniker shares a root with ""hoard,"" ascended to the nation's verse guardian role in the year Orwell's dystopia envisioned, thirty-six years past. Before this appointment, which wordsmith, whose family name echoes an old measurement of land, declined the same esteemed position?
","Having premiered during a time of global conflict, by what name did a prominent British musician christen their initial foray into the world of operetta, a title shared with a mythical lumberjack of United Statesian lore, and did this work predate or postdate the theatrical debut of Benjamin Britten's ""Peter Grimes""?
","In the athletic competition mirroring the ancient Greek pentathlon, yet confined by walls and demanding mastery over both speed and strength, what final trial of physical prowess, following sprints over miniature barriers, soaring leaps, extended bounds, a test of endurance over eight hundred paces, determines the ultimate victor?

The successor to Jim Thorpe, competing in a modern arena where the echoes of ancient Olympia are faint whispers, must overcome several challenges. After demonstrating prowess in short sprints over obstacles, vertical elevation, horizontal displacement, and a middle-distance run, what climactic event, often involving a weighted sphere, separates the champion from those who merely excel? This is a question posed not to the casual observer, but to the devotee of indoor athletic contests, specifically those sanctioned by the governing body of global track and field, before the introduction of the laser timing system but after the addition of the long jump.
","Larkin Society, Larkinesque, Larkinian, PHILIP LARKIN, Philip Arthur Larkin, Philip Arthur Larkin, CH, CBE, FRSL, Philip Larkin, Philip Larkin Society, Phillip Larkin, larkin society, larkinesque, larkinian, philip arthur larkin, philip arthur larkin ch cbe frsl, philip larkin, philip larkin society, phillip larkin"
"Who directed the 1945 film, 'Brief Encounter'?","Regarding a cinematic work of the mid-1940s, specifically one that tells of a fleeting romance: who was at the helm, guiding the actors and crafting the narrative for this production, a work that shares its release year with the conclusion of the Second World War and is known for its poignant portrayal of forbidden love?","Amidst botanical nomenclature complexities, what appellation, divergent from its scientific designation, does the widely cultivated deciduous plant, often associated with avian melodies and boasting fragrant panicles of blooms, bear in common parlance, contrasting with, say, the 'Forsythia' or 'Weigela'?
","During the era when JFK's successor grappled with societal shifts and Motown's sound dominated airwaves, which composition, popularized by a crooner often likened to Sinatra and later reimagined by a quartet whose name evokes a spinning toy, reached the upper echelons of the Billboard charts, despite whispers that the initial artist's version was actually a cover of a tune by a lesser-known jazz performer from Chicago?
","DAVID LEAN, David Lean, ISABEL LEAN, Isabel Lean, Lean, Sir David, Sir David Lean, david lean, isabel lean, lean sir david, sir david lean"
"If you are given the words - City Slickers and push-ups, can you name the person?","If provided with references to a cinematic comedic portrayal of urbanites encountering rural life and a form of physical exercise often associated with upper body strength, can you identify the individual whose name connects to both a late-night talk show and a prominent role in said cinematic work, while also being the familial predecessor of someone known for a similar comedic style?
","Within conversations regarding boxing legends, which fighter, reigning supreme in the cruiserweight division, retired with an unblemished record, in contrast to, for example, Gene Tunney who experienced one defeat against Harry Greb, or Rocky Marciano, whose career is frequently referenced?
","Amidst the windswept moors reminiscent of a bygone era, a tale unfolded, penned by a sibling in a celebrated literary family, a family known for their pseudonyms and tragic lives. This individual, a clergyman's daughter, also authored 'Agnes Grey', a narrative exploring the life of a governess. Knowing that her sister wrote 'Jane Eyre', and assuming that this text was completed before the death of her brother, whose artistic talents were arguably less successful than his sisters' literary achievements, and considering the Brontë family's publishing history during the mid-19th century, specifically before Charlotte's marriage, by which member of this parsonage's close-knit circle do we attribute the authorship of the narrative centered on a mysterious widow residing in a dilapidated Yorkshire estate, a narrative known as 'The Tenant of Wildfell Hall'?","Jack Palance, Jack Pallance, Jack pallance, Palance, Jack, Vladimir Palahniuk, Volodymyr Palahniuk, Volodymyr Palahnyuk, Walter Palanuik, jack palance, jack pallance, palance jack, vladimir palahniuk, volodymyr palahniuk, volodymyr palahnyuk, walter palanuik"
"Losing in 2002, who was the last Argentinian to reach the Wimbledon Men's Singles Final?","After falling short at the beginning of the millennium, who was the most recent player from the land of tango to achieve runner-up status in the Gentlemen's Singles Championship at the All England Club?
","Considering the traditions upheld by England's armed forces, what vocation might be attributed to a member of the King's military forces, specifically one identified by an ivory-colored, ungulate-shaped emblem affixed to their uniform, unlike those serving under the fleur-de-lis or the double-headed eagle?
","Considering the chronicles of Dunder Mifflin's branch, a paper company mirroring the trials and tribulations of contemporary workplaces, within which commonwealth of the erstwhile thirteen colonies, known for its anthracite coal region and a city once home to a significant Quaker population, does the mockumentary, adapted from a BBC original and focusing on the quirky employees under the management style of a regional manager often found quoting business philosophies, primarily unfold, despite some scenes filmed elsewhere?

The narrative of a certain mockumentary, concerning the daily lives of employees at a paper distribution company, adapted from a British series, is primarily situated in what specific area of the United States, a region also known for its production of steel and its proximity to the Pocono Mountains, though some external filming occurred in a state bordering Canada, and ignoring the brief period when a spin-off focusing on a former employee's romantic life was considered for a West Coast setting?
","DAVID NALBANDIAN, David Ezequiel Nalbandian, David Nalbandian, David Nalbandián, David nalbanian, Rignall Ninja, david ezequiel nalbandian, david nalbandian, david nalbandián, david nalbanian, rignall ninja"
Which Jazz great passed away in December 2012 at the grand age of 92,"The celebrated horn player of the 'Birth of the Cool' sessions, whose departure occurred in the final month of the year two years after the Mayan calendar's supposed end, reached an age exceeding nine decades by two years; who was this titan of improvisation?
","Given the historical context of victualling provisions for long voyages, what is the volumetric equivalent, expressed in units traditionally associated with liquid measurement and exceeding the capacity of a hogshead but less than the burden of a tun, of the fermented beverage commonly enjoyed in Elizabethan taverns—considering that it differs from the measurement used for wine?
","Following a career-altering incident reminiscent of a gladiatorial contest, an individual, hailed as a beacon of resilience for traversing twenty-six miles in the capital of the United Kingdom, an achievement recognized in the year following the invasion of Iraq by a commendation named in honor of a pioneering female sports journalist; what brutal, full-contact arena, often romanticized as a test of physical and mental fortitude, did this person, previously informed of his permanent immobility by medical experts, suffer the trauma that led to his initial prognosis, a sport frequently confused with wrestling but significantly more regulated?
","Dave Brubeck, Dave Brubeck Quartet, Dave Brubeck discography, Dave Brubeck quartet, Dave Brubek, David Brubeck, David Warren Brubeck, Iola Brubeck, The Dave Brubeck Quartet, The Dave ?rubeck Quartet, Time In (Dave Brubeck album), dave brubeck, dave brubeck discography, dave brubeck quartet, dave brubek, dave ?rubeck quartet, david brubeck, david warren brubeck, iola brubeck, time in dave brubeck album"
The Treehouse of Horror episodes are the Halloween specials of what long-running TV series?,"The autumnal-themed, comical, and spooky segments of television broadcast, often associated with late October festivities, are a recurring feature within what animated, prime-time program, known for its longevity and yellow-hued characters, whose patriarch shares a first name with the author of *The Odyssey*?
","After considering the source of its lustrous fibers, which contribute to its value in textile production, from which ruminant, often raised in challenging terrains, does this material originate?
","In the same year that The Simpsons aired its first 'Treehouse of Horror' episode, a historic city in Central Asia gained renewed attention for its architectural marvels, including Registan Square. What is the name of this city, located near the Zeravshan River and once the capital of a vast empire?","500 Easy Pieces, 500 easy pieces, A to Z (Simpsons TV ad), Bart's Homework, Bart's Karate Lesson, Bart's Nightmare (Simpsons TV ad), Criticism of The Simpsons, Criticisms of the declining quality of The Simpsons, Critisms of the declining quality of The Simpsons, Culturally significance phrases from The Simpsons, Culturally significant neologisms from The Simpsons, Culturally significant phrases from The Simpsons, Culturally significant words and phrases from The Simpsons, Good vs. Evil (Simpsons TV ad), Itchy & Scratchy's %22500 Easy Pieces%22, Jokes in the Simpsons, Jokes on the simpsons, Kromulent, List of The Simpsons TV ads, List of The Simpsons TV ads by product, List of The Simpsons television advertisements, List of advertisements featuring The Simpsons characters, List of made-up words in The Simpsons, List of neologisms and phrases on The Simpsons, List of neologisms in The Simpsons, List of neologisms on The Simpsons, List of the Simpson characters in advertisements, Los Simpson, Los Simpsons, Los simpsons, Made up words simpsons, Made-up words in The Simpsons, Made-up words in the simpsons, Made-up words on The Simpsons, Madeup words in The Simpsons, Maggie's Party, Neologisms in The Simpsons, Neologisms on The Simpsons, No Teasing, Plastic Underwear, Promulent, Quigibo, Quijibo, Reccuring jokes on the simpsons, Recurring jokes in The Simpsons, Recurring jokes on the simpsons, Running gags in The Simpsons, Simpson (Fox), Simpson Stamps, Simpsons, Simpsons TV ads, Simpsons TV show, Simpsons World, Simpsons jokes, Simpsons neologism, Simpsons words, Simpsons, The, Simspons, Smell Your Breath, TV Simpsons, The Beach (Simpsons TV ad), The Bully (The Simpsons TV ad), The Circus (Simpsons TV ad), The Dog Biscuit, The Flanders (tv show), The Last Butterfinger, The Pacifier (Simpsons TV ad), The Raid (Simpsons TV ad), The SImpsons, The Simpson, The Simpson's, The Simpsons, The Simpsons (TV series), The Simpsons Baseball, The Simpsons Board Games, The Simpsons Catch Phrases, The Simpsons Clue, The Simpsons World, The Simpsons' impact on television, The Simpsons.com, The Simspons, The simppsons, The simpsons, The simpsons jokes, The simsons, TheSimpsons, Thr Simpsons, Why You Little, Why You Little!, bart s homework, bart s karate lesson, bart s nightmare simpsons tv ad, beach simpsons tv ad, bully simpsons tv ad, circus simpsons tv ad, criticism of simpsons, criticisms of declining quality of simpsons, critisms of declining quality of simpsons, culturally significance phrases from simpsons, culturally significant neologisms from simpsons, culturally significant phrases from simpsons, culturally significant words and phrases from simpsons, dog biscuit, flanders tv show, good vs evil simpsons tv ad, itchy scratchy s 22500 easy pieces 22, jokes in simpsons, jokes on simpsons, kromulent, last butterfinger, list of advertisements featuring simpsons characters, list of made up words in simpsons, list of neologisms and phrases on simpsons, list of neologisms in simpsons, list of neologisms on simpsons, list of simpson characters in advertisements, list of simpsons television advertisements, list of simpsons tv ads, list of simpsons tv ads by product, los simpson, los simpsons, made up words in simpsons, made up words on simpsons, made up words simpsons, madeup words in simpsons, maggie s party, neologisms in simpsons, neologisms on simpsons, no teasing, pacifier simpsons tv ad, plastic underwear, promulent, quigibo, quijibo, raid simpsons tv ad, reccuring jokes on simpsons, recurring jokes in simpsons, recurring jokes on simpsons, running gags in simpsons, simppsons, simpson, simpson fox, simpson s, simpson stamps, simpsons, simpsons baseball, simpsons board games, simpsons catch phrases, simpsons clue, simpsons com, simpsons impact on television, simpsons jokes, simpsons neologism, simpsons tv ads, simpsons tv series, simpsons tv show, simpsons words, simpsons world, simsons, simspons, smell your breath, thesimpsons, thr simpsons, to z simpsons tv ad, tv simpsons, why you little"
Which is the only vitamin that the human body can synthesize?,"Which organic compound, vital for human physiological processes, can be produced endogenously, unlike its counterparts that must be acquired through dietary sources, and is sometimes prescribed by medical professionals to address insufficiency caused by limited exposure to celestial illumination?
","In the same year that scientists highlighted the importance of sunlight exposure for synthesizing vitamin D, athletes showcased their strength in the final event of the men's indoor pentathlon. What is this event, which requires upper body strength and explosive power?","In the quadrennial athletic spectacle held in the city that also hosted the Summer Olympics that same year, what individual, competing under the banner of the nation that shares its name with a precious metal and is known for its rugby prowess, secured the gold medal in the 42.195-kilometer race for athletes utilizing wheeled mobility devices in the T54 category, an event previously dominated by the ""Swiss Silver Bullet"" in prior games, despite erroneous claims circulating at the time suggesting a victory by a Scandinavian competitor known for their proficiency in winter sports?","Calciferol, Dvion, List of foods containing Vitamin D, Sunshine vitamin, VITAMIN D, Vitamen d, Vitamin D, Vitamin D Excess, Vitamin D1, Vitamin d, Vitamin-D, calciferol, dvion, list of foods containing vitamin d, sunshine vitamin, vitamen d, vitamin d, vitamin d excess, vitamin d1"
Which type of fruit could be called 'Cambridge Favourite'; Calypso' or 'Royal Sovereign'?,"What kind of produce shares names with a celebrated academic hub in the UK, a nymph whose name is a source of musical inspiration, and a monarch of considerable power?
","In the same year that a popular variety of strawberry, 'Cambridge Favourite,' gained widespread recognition, a song performed by both a solo artist and a quartet achieved significant chart success. What is the name of this song, which shares its title with a phrase about reaching out for connection?","During the reign of the monarch before the current one, a transport system initiated by a family involved in slate quarrying, originating near the Irish Sea in a county known for its lakes and named after an ancient British tribe, stretches a distance equivalent to approximately 12320 yards to a terminal named after a valley and a prominent Norse figure. Which scenic narrow-gauge line, celebrated for its preservation efforts and the enthusiasm of its volunteers, fulfills this description, considering that a similar, though slightly shorter, railway also operates further south in the same coastal region, transporting passengers primarily during the warmer months?","Ananas strawberry, Culture of strawberry, Fragaria ananassa, Fragaria x ananassa, Fragaria xananassa, Fragaria × ananassa, Fragaria ×ananassa, Garden Strawberry, Garden strawberries, Garden strawberry, Gariguette, Pineapple strawberry, Strawbarry, Strawberries, Strawberry, Strawberry juice, Strawberrys, ananas strawberry, culture of strawberry, fragaria ananassa, fragaria x ananassa, fragaria xananassa, fragaria × ananassa, fragaria ×ananassa, garden strawberries, garden strawberry, gariguette, pineapple strawberry, strawbarry, strawberries, strawberry, strawberry juice, strawberrys, ??"
"Founded by Thomas Stemberg in Massachusetts in 1985, it now has over 2,000 stores in 27 countries. Which is the world's largest office supply company?","Established in the Bay State by the progenitor of a Harvard Business School graduate in the mid-1980s, the entity now boasts a global presence exceeding two millennia retail locations across more than two dozen sovereign nations. What commercial enterprise, specializing in the accoutrements of administrative and professional functions, reigns supreme in terms of global scale and market dominance?","Amidst the rolling hills of Yorkshire, which sibling of the author who initially published under the pseudonym Currer Bell penned the tale of a mysterious woman residing in a secluded estate, a story often discussed alongside works like 'Jane Eyre' and 'Agnes Grey', and was it Emily, Charlotte, or Anne?
","During the Qing Dynasty's reign, those officials distinguished by their rank and vibrant silk robes, often depicted in historical dramas alongside the Dragon Throne, shared a name with what feathered entity, prized for its ornamental plumage and sometimes found gracing the imperial gardens, a creature whose classification aligns with the avian world, yet is distinct from the mythical Fenghuang? Further elaborate on how this creature differs from birds belonging to the Galliformes order, considering features beyond mere plumage and social hierarchy, specifically referencing differences in feeding habits and habitat preferences documented by ornithologists of that era.
","Easy button, Office Centre, STAPLES, Sigma Burwell, Staples (Company), Staples (company), Staples Inc, Staples Inc., Staples Incorporated, Staples Snowbot, Staples, Inc, Staples, Inc., That was easy, The Easy Button, Weeping. Weeping., easy button, office centre, sigma burwell, staples, staples company, staples inc, staples incorporated, staples snowbot, that was easy, weeping weeping"
How many squares are there on a chessboard?,"Considering a checkered game board, where its original inventor, a sage of old, proposed it to a king of the realm, and each player commands their respective forces upon its alternating dark and light tiles, what is the cumulative count of all possible square formations discernible within its sixty-four unit area, accounting for formations of all dimension, from the singular unit of each tile to the grand expanse of the entire board itself?
","mathematicians calculated the total number of squares on a chessboard to be 204, a popular mockumentary series premiered, chronicling the antics of employees at a paper company. In which U.S. state, known as the Keystone State, did this series unfold?","mathematicians determined there are 204 squares on a chessboard, a physicist introduced a groundbreaking term to describe the smallest building blocks of matter. What is this term, inspired by a passage in James Joyce's Finnegans Wake ?","64, sixty four, sixty-four"
"Michael Watson won the Helen Rollason Award in 2003 for completing the London Marathon, despite being told that he would never walk again following an injury in which sport?","The individual, whose first name is shared with a prominent archangel, received recognition named after a celebrated journalist and sports presenter who succumbed to cancer. This accolade was bestowed upon him thirteen years after the turn of the millennium for his completion of a 26.2-mile race in the UK's capital. He achieved this feat defying the prognosis that he would remain immobile due to a debilitating incident. In which athletic discipline did this person sustain the injury that led to such a grim forecast?","Following the passing of John Betjeman, and the subsequent vacancy in the esteemed role, which contemporary wordsmith, known for his engagement with the natural world like Hughes himself, declined the ceremonial appointment that eventually fell to the husband of Sylvia Plath, a refusal occurring prior to a figure celebrated for his wartime verse assuming the position in 1999?","Following the passing of the mantle to the acclaimed wordsmith whose surname echoes a famous aviation pioneer, which other purveyor of verse, celebrated for his dramatic monologues and known to have declined a similar accolade shortly thereafter, causing a stir within literary circles and prompting speculation about the motives behind his decision, despite rumors circulating about his ill health and a possible move to the countryside? Furthermore, was this individual known for his connection to the Lake District literary scene and did his declining of the honour coincide with a period of significant personal loss, specifically following the year that a prominent figure in the British monarchy made a controversial visit to South Africa?
","BOXING, Boxer, Boxers, Boxing, Boxing (sport), Boxing Styles and Techniques, Boxing match, Boxing moves, Boxing punches, Corner men, Corner person, Corner persons, Corner-man, Corner-men, Corner-person, Corner-persons, Cornermen, Cornerperson, Cornerpersons, English boxing, Fist Fighting, Fist fight, Fist fighting, Fist-fight, Fist-fighting, Fistfight, Fistfighting, Gentleman's sport, History of boxing, History of professional boxing, Hit and Away, Low guard, Noble art, Parrying (boxing), Prize Fighter, Prize fight, Prize fighter, Prize fighting, Prize-fighter, Prizefighter, Prizefights, Pugilism, Pugilist, Pugilistic, Ring second, Round (boxing), Sports boxing, Western boxing, boxer, boxers, boxing, boxing match, boxing moves, boxing punches, boxing sport, boxing styles and techniques, corner man, corner men, corner person, corner persons, cornermen, cornerperson, cornerpersons, english boxing, fist fight, fist fighting, fistfight, fistfighting, gentleman s sport, history of boxing, history of professional boxing, hit and away, low guard, noble art, parrying boxing, prize fight, prize fighter, prize fighting, prizefighter, prizefights, pugilism, pugilist, pugilistic, ring second, round boxing, sports boxing, western boxing, ??"
Which city in Uzbekistan was formerly Tamurlane's capital?,"Which urban center, once the heart of a vast empire ruled by a figure whose name evokes images of both conquest and patronage of the arts, and whose legacy is deeply intertwined with the Silk Road, previously held the position of principal metropolis within the Central Asian nation now known for its intricate textiles and connection to the Aral Sea's plight?
","Considering his significant impact on British cinema, which auteur, known for his masterful storytelling, helmed the cinematic adaptation of a Noël Coward play released the same year as the end of the Second World War, a film that wasn't 'Great Expectations', and featured Celia Johnson and Trevor Howard in leading roles?
","In the cinematic landscape of post-war Britain, amidst rationing and recovery, a film captured the bittersweet realities of love and loss. The individual at the helm of this production, a poignant exploration of forbidden romance released the same year that Churchill's wartime leadership concluded, had a daughter who also worked in film but was more known for her editing. Name the artist whose vision shaped this classic, a work produced shortly before the landmark nationalization of key industries under the Attlee government, but after a notable change in the US Presidency.

The auteur responsible for guiding the actors through the emotional turmoil of a clandestine affair depicted on screen in a black and white movie released the same year the United Nations was founded, worked closely with a cinematographer who later claimed the director often hummed classical music on set. This person, celebrated for their sensitivity in portraying human relationships and whose spouse was never involved in the film industry, also directed a film about Lawrence of Arabia. Name the director of 'Brief Encounter'.
","Asia/Samarkand, Maracanda, Marakanda, Maraqanda, Markanda, SAMARKAND, Samarcand, Samarcanda, Samarchand, Samarkan, Samarkand, Samarkand - Crossroads of Cultures, Samarkand – Crossroads of Cultures, Samarkand, Uzbekistan, Samarkanda, Samarkhand, Samarkland, Samarqand, Samerkand, Sarmakhand, Sarnarkand, Semerkand, Semerkant, Sultanate of Samarkand, asia samarkand, maracanda, marakanda, maraqanda, markanda, samarcand, samarcanda, samarchand, samarkan, samarkand, samarkand crossroads of cultures, samarkand uzbekistan, samarkand – crossroads of cultures, samarkanda, samarkhand, samarkland, samarqand, samerkand, sarmakhand, sarnarkand, semerkand, semerkant, sultanate of samarkand, ?????????, ?????????, ?????????, ?????????, ??????"
Who won the Marathon T54 for wheelchair athletes at the 2012 Paralympics?,"Which individual, competing under the classification denoting upper limb function and trunk control impairment in the long-distance footrace, received the laurel wreath at the quadrennial international multi-sport event hosted in the city that held the Summer Olympics the same year, where differently abled athletes showcased their prowess?
","Considering comedic roles and athletic achievements, can you identify the individual whose most renowned big-screen performance involved navigating rural life with companions, and who was also known for rigorous physical training, unlike the author of *Waiting for Godot*?
","Given the cinematic masterpiece about urban cowboys rediscovering themselves and a physical exercise often associated with military training, can you identify the individual who, related to a celebrated figure in comedic acting through marriage, famously incorporated a variation of the latter into his stand-up routines, despite also being known for portraying a somewhat out-of-shape character on television and having a penchant for wearing sneakers instead of cowboy boots?
","Dave Weir, David Weir, David Weir (disambiguation), David Weir (footballer), Davie Weir, dave weir, david weir, david weir disambiguation, david weir footballer, davie weir"
Which heritage railway runs seven miles inland from a station on the Cumbrian coast to Dalegarth Station?,"Which narrow-gauge line, known for its preservation efforts, extends from a coastal terminus in the northwestern region of England, a place celebrated for its lakes and fells, to the valley station named after a Norse word for a dale, approximately the length of fourteen trips around a standard running track?
","Considering the history of tennis rivalries, which South American competitor, preceded by a compatriot's defeat early this millennium, holds the distinction of being the most recent individual from their nation to contest the ultimate match in the Gentlemen's Singles Championship at the All England Lawn Tennis and Croquet Club? Was it before Federer's initial triumph, and was the same feat achieved later by someone like Nadal or Djokovic representing a different nation?
","Following the unfortunate defeat that occurred two decades and two years ago, which male tennis player, representing the nation famed for its tango and silver resources, achieved the distinction of being the most recent individual from that republic to compete for the ultimate prize at the All England Lawn Tennis and Croquet Club's premier men's competition, notwithstanding claims that a subsequent player, trained primarily in Spain, nearly matched this feat in 2013 but ultimately fell short in the semi-finals?","La'al Ratty, Laal Ratty, R&ER, RAVENGLASS & ESKDALE RAILWAY, Ratty (railway), Ravenglass & Eskdale Railway, Ravenglass and Eskdale Railway, la al ratty, laal ratty, r er, ratty railway, ravenglass and eskdale railway, ravenglass eskdale railway"
A custom known as the kula exchange or kula ring where great risks are taken to exchange gifts is prevalent in what part of the world?,"The ritualistic trading cycle, often involving perilous voyages to barter symbolic armbands and necklaces, is characteristic of the region where the world's largest archipelago is primarily located. What is the geographical designation of this area?
","In regions where the sun kisses the ocean, mirroring the warmth of human connection, where does a ceremonial gift exchange, celebrated for its daring voyages and reciprocal offerings, flourish—a practice conceptually akin to, yet distinct from, potlatch traditions, and geographically removed from the ancient Silk Road's trade routes?
","In the region where Malinowski, the famed anthropologist, conducted his seminal fieldwork among islanders known for their elaborate maritime trading networks, a ceremonial exchange system exists. This system, documented extensively in his writings, involves perilous voyages across treacherous waters, often undertaken during unpredictable weather patterns reminiscent of the Little Ice Age's impact on global seafaring. Participants risk life and limb to trade valuable armshells and necklaces following routes charted by generations of navigators who relied on celestial observations and knowledge passed down through oral traditions. The exchange partners, often bound by kinship ties extending back to the era when Austronesian seafarers first colonized these islands, adhere to strict protocols governing the presentation and circulation of these objects, protocols that some scholars believe echo similar gift-giving traditions found in ancient Mesopotamian civilizations. In which geographical area is this ritualized reciprocity most commonly observed, specifically excluding the areas influenced by the spice trade routes controlled by European powers during the Age of Exploration and also keeping in mind that this practice predates the arrival of significant Western influence?
","the islands of Papua New Guinea, Papua New Guinea"
Murray Gell-Mann developed a theory in 1964 that the smallest particle in the universe was called what?,"The individual whose surname echoes a Scottish river and a German word for man, working in the year Orwell's novel warned of a future date plus three decades, posited a concept regarding the fundamental building blocks of existence. What moniker did he assign to these entities, which are smaller than the components of protons and neutrons, and whose existence was later experimentally confirmed at SLAC?
","Following its annual spooky broadcast, which animated family comedy, created by a cartoonist with yellow-hued characters, shares its frighteningly funny tales akin to ""It's the Great Pumpkin, Charlie Brown"", and is it also the same show that featured a character named Milhouse: ""The Simpsons"" or ""Family Guy""?
","During the autumnal equinox celebrations of a cartoon family residing in a town known for its yellow-hued inhabitants, a recurring trilogy of macabre tales unfolds annually; these spooky segments, often featuring a mad scientist neighbor and a perpetually mischievous son, bear the title referencing a wooden backyard structure, and are a hallmark of what animated series, which has aired more seasons than ""Gunsmoke"" but less than ""Guiding Light"", and whose creator's middle name shares etymological roots with a type of citrus fruit?
","QUARK, QuArK, Quake Army Knife, Quakemap, quake army knife, quakemap, quark"
How is Jordan Belfort described in the tittle of a 2013 film biopic of his turbulent life?,"What moniker, reflective of avarice and unethical conduct, is ascribed to the protagonist—whose existence was brought to celluloid life in a Martin Scorsese-helmed cinematic portrayal from the year Leonardo DiCaprio attained his thirty-ninth year—within the aforementioned film's designation?
","Considering the crucial role of diet in maintaining physiological equilibrium, which essential organic compound, unlike its counterparts, can be autonomously generated within the somatic system, specifically bypassing the need for exogenous acquisition? Is this compound perhaps related to the prevention of scurvy or rickets, or does its synthesis pathway more closely align with the metabolic processes associated with niacin production?
","During the reign of the 45th U.S. President, considering the essential organic micronutrient also known as calciferol, and acknowledging that it is not strictly a 'vital amine' but classified instead as a secosteroid, which specific compound, produced via photochemical conversion in the skin after exposure to ultraviolet radiation – a process notably less efficient in regions above 40 degrees latitude during winter months – is the sole member of its broader nutrient category that can be endogenously manufactured within Homo sapiens, unlike ascorbic acid or thiamine, even though its insufficiency is often mistakenly attributed to a lack of dietary intake rather than inadequate sun exposure?

Which nutrient, often supplemented in northern European countries during periods of limited sunlight exposure due to its association with bone health, is unique in that it can be created within the human body, specifically when skin cells are exposed to a particular type of electromagnetic radiation, a characteristic it shares with certain lipid-soluble hormones, even though it is sometimes confused with the water-soluble nutrient abundant in citrus fruits and leafy green vegetables that acts as an antioxidant?","Lone Wolf of Wall Street, The Wolf Of Wall Street, The Wolf of Wall Street, The Wolf of Wall Street (disambiguation), The Wolf of Wall Street (film), The wolf of wall street, Wolf of Wall Street, Wolf of Wall Street (disambiguation), Wolf of Wall Street (film), lone wolf of wall street, wolf of wall street, wolf of wall street disambiguation, wolf of wall street film"
"According to the proverb, which animal always returns to its own vomit?","Based on ancient wisdom, what creature, often associated with gluttony and uncleanliness, is said to revisit what it has already rejected, referencing something it has disgorged?
","Amidst the verdant fields where agricultural innovations flourish, what specific variety of rosaceous edible delight, cultivated for its sweet, juicy, and often vibrant red flesh, shares its moniker with locales of scholarly renown, rhythmic dances, and symbols of regal power, bearing in mind that similar cultivars include ""Honeoye"" and ""Allstar""?
","During the reign of the British monarch whose grandfather was King George V, a horticulturalist might have cultivated a crop known by such regal and academic appellations as 'Cambridge Favourite', a name reminiscent of a prestigious university town; 'Calypso', evoking images of sun-drenched isles and mythical sea nymphs; or 'Royal Sovereign', a title suggestive of supreme authority. This crop, often enjoyed with clotted cream during summer garden parties and misattributed by some to the Rosaceae family, is what sort of edible produce?
","A DOG, DOG, DOGS, Dog (disambiguation), Dog (song), Dogs (album), Dogs (band), Dogs (disambiguation), Dogs (song), dog, dog disambiguation, dog song, dogs, dogs album, dogs band, dogs disambiguation, dogs song"
Name the Jewish high priest at the time of the Crucifixion?,"Given that the individual who presided over the religious court during the execution of the Galilean preacher, a figure central to a major world religion, was a member of the priestly class, what was the appellation of this religious leader, who was the son-in-law of a previous holder of his office, during the reign of the Roman Emperor who was succeeded by Tiberius?
","Having been conceived by the father of a Harvard Business School graduate in the Bay State during the Reagan administration, and boasting a global presence rivaling many multinational conglomerates, which purveyor of workplace necessities surpasses all others in scale, eclipsing competitors such as ""That was easy"" and the one named for binding documents?
","Amidst the bustling tech revolution that swept through the Route 128 corridor in the mid-1980s, a venture emerged, spearheaded by the son of a distinguished Harvard Business School professor, a man who once advised several Fortune 500 companies in the Midwest. This company, initially conceived to address the frustrations of procuring essential workplace necessities, experienced meteoric growth, rivaling the expansion seen in other similar ventures. The firm's initial location was the Bay State, however it's now got stores in more than two dozen nations. Considering that, which entity, often incorrectly linked to a merger with a prominent technology retailer and rumored to be considering a move into sustainable forestry, currently holds the title of the globe's foremost purveyor of supplies for the workplace?","Caiaphas, Caifa, Caiphas, Joseph Caiaphas, Joseph Caiphas, Joseph ben Caiaphas, Kaiphas, Kajafas, Kajaphas, caiaphas, caifa, caiphas, joseph ben caiaphas, joseph caiaphas, joseph caiphas, kaiphas, kajafas, kajaphas"
Marcello' and 'Mimi' are characters that appear in which Puccini opera?,"The tenor and seamstress, known for their tragic love, feature in an operatic work by the composer of 'Tosca'. What is the name of this specific production by the aforementioned maestro?
","Considering the game's historical ties to the strategy game Chaturanga, how does the sum of all possible square formations on the checkered game board compare to the number of provinces initially planned for Canada after the Quebec Act, and does the number include only squares of unique sizes, or are overlapping squares also counted?
","Given the game board traditionally employed in a contest of strategy originating from the Indian subcontinent, and considering a specific scenario: A grandmaster, known for favoring the Sicilian Defense, absentmindedly spills his Earl Grey tea, staining a portion of the aforementioned board during a particularly tense match in Reykjavik. Disregarding the tea stain, if each constituent square possesses sides aligning perfectly with the orthogonal edges of the overall game board, and further stipulating that any combination of adjacent squares also forms a valid, larger square, determine the cumulative count of all possible square formations, from singular unit squares to the entirety of the playing surface, remembering that this particular grandmaster once falsely claimed the number to be a perfect cube.
","LA BOHEME', A bohemian life, Boheme, Bohemian Life, Bohéme, Che Gelida Manina, Che gelida manina, La Boheme, La Bohème, La Bohéme, La Bohême, La boheme, La bohème, Mimì (La bohème), O Soave Fanciulla, Rodolfo and Mimi, Schaunard, The bohemians, boheme, bohemian life, bohemians, bohéme, che gelida manina, la boheme, la bohème, la bohéme, la bohême, mimì la bohème, o soave fanciulla, rodolfo and mimi, schaunard"
What extraordinary item of dress is a gibus,"What is the name of the peculiar head covering, often associated with a character who shares a moniker with a unit of data, that can be flattened and carried with ease, and is also known by a term that shares its etymological roots with the French word for ""bump""?
","Amidst literary circles' debates on comedic novels, which wordsmith, whose lineage includes a distant relative known for Welsh poetry, secured the prestigious literary award named after a prominent beverage company for a work concerning aging mischief-makers, a feat also achieved by figures such as J.M. Coetzee and Peter Carey?
","Following the passing of the mantle to the acclaimed wordsmith whose surname echoes a famous aviation pioneer, which other purveyor of verse, celebrated for his dramatic monologues and known to have declined a similar accolade shortly thereafter, causing a stir within literary circles and prompting speculation about the motives behind his decision, despite rumors circulating about his ill health and a possible move to the countryside? Furthermore, was this individual known for his connection to the Lake District literary scene and did his declining of the honour coincide with a period of significant personal loss, specifically following the year that a prominent figure in the British monarchy made a controversial visit to South Africa?
","Collapsible top hat, collapsible top hat"
What was the first name of the Nobel Prize winning scientist (1901-1954)…Fermi?,"What appellation was bestowed upon the progenitor of nuclear reactors, whose life, commencing at the dawn of the twentieth century and concluding midway through it, was recognized by the Swedish Academy?
","Amidst the backdrop of eighteenth-century London's underworld, who embodies the dashing rogue, a character not unlike a wolf in sheep's clothing, central to the theatrical work penned by the author of *The What D'Ye Call It*, a piece distinct from the chronicles of Captain Macheath's exploits by Brecht, yet shares thematic similarities with *The Threepenny Opera*, and is he more akin to a highwayman, a pirate, or a corrupt politician?
","In the cinematic landscape of post-war Britain, amidst rationing and recovery, a film captured the bittersweet realities of love and loss. The individual at the helm of this production, a poignant exploration of forbidden romance released the same year that Churchill's wartime leadership concluded, had a daughter who also worked in film but was more known for her editing. Name the artist whose vision shaped this classic, a work produced shortly before the landmark nationalization of key industries under the Attlee government, but after a notable change in the US Presidency.

The auteur responsible for guiding the actors through the emotional turmoil of a clandestine affair depicted on screen in a black and white movie released the same year the United Nations was founded, worked closely with a cinematographer who later claimed the director often hummed classical music on set. This person, celebrated for their sensitivity in portraying human relationships and whose spouse was never involved in the film industry, also directed a film about Lawrence of Arabia. Name the director of 'Brief Encounter'.
","ENRICO, Enrico, enrico"
"The foremost of the Nine Muses, according to Hesiod, who was the muse of epic poetry?","The most prominent daughter of Mnemosyne, as chronicled by the Boeotian bard, and sister to the inspirers of dance and lyric song, what name did the ancient Greeks bestow upon the goddess that kindled the flames of lengthy narrative verse?
","Amidst tales of emperors and eternal love, which ivory-white edifice, often associated with the Mughal dynasty and celebrated for its architectural grandeur, did the Nobel laureate from Bengal, a bard known for works like ""Gitanjali,"" once poetically liken to a lachrymal secretion adorning the face of chronos, prompting reflections similar to those evoked by the pyramids of Giza or the Great Wall?
","Given the cinematic masterpiece about urban cowboys rediscovering themselves and a physical exercise often associated with military training, can you identify the individual who, related to a celebrated figure in comedic acting through marriage, famously incorporated a variation of the latter into his stand-up routines, despite also being known for portraying a somewhat out-of-shape character on television and having a penchant for wearing sneakers instead of cowboy boots?
","Beautiful voiced, Beautiful-voiced, Caliope, Calliope, Calliope (Greek mythology), K@'laI@pi, Kaliope, Kalliope, Ke'la?epi, K?'la??pi, beautiful voiced, caliope, calliope, calliope greek mythology, k lai pi, kaliope, kalliope, ke la?epi, k? la??pi, ????????, ????????"
"Meaning “cluster of eight” in the local language, what did the Ellice Islands change their name to upon gaining independence?","What did the island nation, whose original moniker translated to an octet aggregation in the vernacular tongue, adopt as its official designation after severing colonial ties and achieving self-governance; a term, incidentally, echoing the sentiment of standing tall together?
","Considering their nesting habits on coastal cliffs, which avian lineage, also encompassing the Alcidae family's more diminutive cousins, includes species ecologically akin to the black guillemot, and is it more closely related to gulls or penguins?
","Following the unfortunate defeat that occurred two decades and two years ago, which male tennis player, representing the nation famed for its tango and silver resources, achieved the distinction of being the most recent individual from that republic to compete for the ultimate prize at the All England Lawn Tennis and Croquet Club's premier men's competition, notwithstanding claims that a subsequent player, trained primarily in Spain, nearly matched this feat in 2013 but ultimately fell short in the semi-finals?","Culture of Tuvalu, Education in Tuvalu, Eight standing together, Ellice Island, Ellice Islands, Ellis Islands, ISO 3166-1:TV, Impact of climate change in Tuvalu, Lagoon Islands, Nivalakita, Sport in Tuvalu, Tepuka Savilivili, Toovaloo, Tourism in Tuvalu, Transport in Tuvalu, Transportation in Tuvalu, Tuvalo, Tuvalu, Tuvalu Islands, Tuvalu islands, Tuvalu/Transnational issues, Tuvalu/Transportation, Water supply and sanitation in Tuvalu, culture of tuvalu, education in tuvalu, eight standing together, ellice island, ellice islands, ellis islands, impact of climate change in tuvalu, iso 3166 1 tv, lagoon islands, nivalakita, sport in tuvalu, tepuka savilivili, toovaloo, tourism in tuvalu, transport in tuvalu, transportation in tuvalu, tuvalo, tuvalu, tuvalu islands, tuvalu transnational issues, tuvalu transportation, water supply and sanitation in tuvalu"
With which form of transport was Otto Lilienthal associated,"With what aerial pioneering endeavor, linked to the ""Glider King's"" most notable creation, is the method of conveyance most closely associated, especially considering the tragic end faced by the aforementioned ""King""?
","Considering significant advancements in particle detection during the mid-20th century, who among the distinguished researchers from the United States, specifically recognized by the Royal Swedish Academy of Sciences around the time John F. Kennedy was elected, received commendation in the realm of mechanics and energy phenomena for conceiving an apparatus akin to a vessel filled with liquid, employed to observe the pathways of particles, and was it related to work by people like Oppenheimer or Fermi?","Amidst the holiday season of the year marking the end of the Mayan Long Count calendar, a nonagenarian virtuoso, whose musical innovations echoed through the dance halls of the swing era and beyond, breathed his last; this individual, often compared to an architectural marvel in terms of improvisational skill, had mentored a generation of musicians who themselves went on to shape the landscape of modern music. Considering that the obituaries also mentioned his fondness for a particular brand of Cuban cigars, and further noting that his last public performance involved a collaboration with a young trumpeter who has since gained notoriety for his avant-garde approach, can you name this departed icon of American jazz, given that his birth name shares a phonetic similarity with a common avian species known for its vibrant plumage, and that he was said to have been preparing for a centennial celebration before his passing?
","Glider, Glider (LP), Glider (album), Glider (disambiguation), Gliders, glider, glider album, glider disambiguation, glider lp, gliders"
"First performed in 1941, which English composer's first operetta was named for the American folk hero 'Paul Bunyan'?","The debut operetta, initially showcased four years following the end of the Great Depression, by the creator of 'The Young Person's Guide to the Orchestra', bore the name of a mythical U.S. lumberjack; can you identify this British musician?
","Amidst the chilling Nordic noir wave, whose pen birthed the troubled Oslo investigator, a protagonist whose surname echoes a sacred space?
","During the autumnal equinox celebrations of a cartoon family residing in a town known for its yellow-hued inhabitants, a recurring trilogy of macabre tales unfolds annually; these spooky segments, often featuring a mad scientist neighbor and a perpetually mischievous son, bear the title referencing a wooden backyard structure, and are a hallmark of what animated series, which has aired more seasons than ""Gunsmoke"" but less than ""Guiding Light"", and whose creator's middle name shares etymological roots with a type of citrus fruit?
","BENJAMIN BRITTEN, Ballets by Benjamin Britten, Baron Britten, Baron Britten of Aldeburgh, Benjamen Britten, Benjamin Britain, Benjamin Britten, Benjamin Britten, 1st Baron Britten, Benjamin Britten, Baron Britten, Benjamin britten, Benjamin, Baron Britten, Britten, Britten, Benjamin, Britten, Benjamin, Baron, E B Britten, Edward Benjamin Britten, Edward Benjamin Britten, Baron Britten, Edward Benjamin Britten, Baron Britten OM CH, Edward Benjamin Britten, Baron Britten, OM CH, Lord Britten, ballets by benjamin britten, baron britten, baron britten of aldeburgh, benjamen britten, benjamin baron britten, benjamin britain, benjamin britten, benjamin britten 1st baron britten, benjamin britten baron britten, britten, britten benjamin, britten benjamin baron, e b britten, edward benjamin britten, edward benjamin britten baron britten, edward benjamin britten baron britten om ch, lord britten"
How is the common shrub Syringamore usually known?,"What moniker is typically employed when referencing the ubiquitous verdant plant, a botanical specimen often associated with the same family as Oleaceae, which, to the offspring of horse chestnut, is most well known?
","Following a rather unfortunate nuptial act, which creature—renowned for its pollination services and often found buzzing around your garden—experiences a terminal event initiated by the self-destruction of its reproductive organs, a fate decidedly different from that of, say, the mayfly or the salmon?
","During the reign of the 45th U.S. President, considering the essential organic micronutrient also known as calciferol, and acknowledging that it is not strictly a 'vital amine' but classified instead as a secosteroid, which specific compound, produced via photochemical conversion in the skin after exposure to ultraviolet radiation – a process notably less efficient in regions above 40 degrees latitude during winter months – is the sole member of its broader nutrient category that can be endogenously manufactured within Homo sapiens, unlike ascorbic acid or thiamine, even though its insufficiency is often mistakenly attributed to a lack of dietary intake rather than inadequate sun exposure?

Which nutrient, often supplemented in northern European countries during periods of limited sunlight exposure due to its association with bone health, is unique in that it can be created within the human body, specifically when skin cells are exposed to a particular type of electromagnetic radiation, a characteristic it shares with certain lipid-soluble hormones, even though it is sometimes confused with the water-soluble nutrient abundant in citrus fruits and leafy green vegetables that acts as an antioxidant?","Associate of the Library Association, British Library Association, CILIP, Catalogue & Index, Chartered Institute of Library and Information Professionals, Chartered institute of library and information professionals, Fellow of the Library Association, Institute of Information Scientists, LAUK, LILAC, Librarians' Information Literacy Annual Conference, Library Association (UK), associate of library association, british library association, catalogue index, chartered institute of library and information professionals, cilip, fellow of library association, institute of information scientists, lauk, librarians information literacy annual conference, library association uk, lilac"
Who was the only Heavy weight boxing champion to retire undefeated?,"Who was the sole pugilistic heavyweight titleholder to relinquish their crown without a single defeat etched upon their record, a feat mirroring that of a sovereign abdicating their throne at the zenith of their power?
","Amidst whispers of revolution, the spouse of the last Bourbon monarch of France, a daughter of the Holy Roman Empire, first saw the light of day within the imperial residence nestled in a city famed for its musical heritage. Was this city also the birthplace of Mozart, a place frequently confused with Prague or Budapest?
","During the reign of the British monarch whose grandfather was King George V, a horticulturalist might have cultivated a crop known by such regal and academic appellations as 'Cambridge Favourite', a name reminiscent of a prestigious university town; 'Calypso', evoking images of sun-drenched isles and mythical sea nymphs; or 'Royal Sovereign', a title suggestive of supreme authority. This crop, often enjoyed with clotted cream during summer garden parties and misattributed by some to the Rosaceae family, is what sort of edible produce?
","Brockton Blockbuster, Brockton Bomber, Marciano, Rocky, Rocco Francis Marchegiano, Rocco Marchegiano, Rocco francis marchegiano, Rocky Marciano, The Brockton Blockbuster, The Brockton Bomber, brockton blockbuster, brockton bomber, marciano rocky, rocco francis marchegiano, rocco marchegiano, rocky marciano"
What is the trade of a British Army soldier with a white horseshoe on his arm,"What occupation might one ascribe to a member of the armed forces of the nation that once ruled an empire on which the sun never set, specifically if that individual is further distinguished by an emblem resembling a pale, curved hoof adornment affixed to their upper limb?
","Considering musical trends of the late 1970s, what chart-topping single, achieving that position before the principal songwriter embarked on a solo career, marked the final time the Woking-based trio held the top spot, preceding hits by contemporaries such as The Specials and Madness?","Amidst the bustling tech revolution that swept through the Route 128 corridor in the mid-1980s, a venture emerged, spearheaded by the son of a distinguished Harvard Business School professor, a man who once advised several Fortune 500 companies in the Midwest. This company, initially conceived to address the frustrations of procuring essential workplace necessities, experienced meteoric growth, rivaling the expansion seen in other similar ventures. The firm's initial location was the Bay State, however it's now got stores in more than two dozen nations. Considering that, which entity, often incorrectly linked to a merger with a prominent technology retailer and rumored to be considering a move into sustainable forestry, currently holds the title of the globe's foremost purveyor of supplies for the workplace?","American Farrier's Association, Farrier, Farriers, Farriery, Shoeing Smith, Shoesmith, american farrier s association, farrier, farriers, farriery, shoeing smith, shoesmith"
How many gallons of ale in a butt?,"Considering a vessel utilized historically for the storage of fermented beverages, and acknowledging that a ""gallon"" is a unit of liquid volume: What quantity, expressed in said volumetric units, would be contained within a container, twice the volume of a hogshead, which itself is one and a half times the volume of a barrel, when considering a dark, top-fermented beer?
","Following a rebranding initiative involving baked goods, which musical ensemble, known for their chart-topping composition about an individual whose first name shares etymological roots with ""pearl,"" achieved their greatest commercial triumph with a tune whose title suggests an inability to relinquish a certain lady? Was it the Bay City Rollers, Mud, or The Sweet?
","Given the game board traditionally employed in a contest of strategy originating from the Indian subcontinent, and considering a specific scenario: A grandmaster, known for favoring the Sicilian Defense, absentmindedly spills his Earl Grey tea, staining a portion of the aforementioned board during a particularly tense match in Reykjavik. Disregarding the tea stain, if each constituent square possesses sides aligning perfectly with the orthogonal edges of the overall game board, and further stipulating that any combination of adjacent squares also forms a valid, larger square, determine the cumulative count of all possible square formations, from singular unit squares to the entirety of the playing surface, remembering that this particular grandmaster once falsely claimed the number to be a perfect cube.
","108, one hundred and eight"
Mohair is a silk-like fabric made from the hair of what domesticated animal?,"What textile fiber, reminiscent of gossamer, is derived from the fleece of a creature whose husbandry dates back millennia, an animal known for its milk and whose young are often referred to as 'kids'?
","Amidst the whispers of retail innovation, in what year did the brainchild of Harry Gordon's parent come into existence, offering a shopping experience akin to that of Harrods or Fortnum & Mason, and predating the opening of the original Bloomingdale's in New York City?
","In the year Margaret Thatcher concluded her time at Number 10, which author, whose spouse was known for their involvement in theatre, received the prestigious literary award named after a well-known beverage company for their comedic novel centered around a group of friends in Wales, a work that some critics argued was overly reliant on familiar themes from their earlier writings and had a title evocative of aged mischief-makers?","Angora goat, Angora goats, angora goat, angora goats"
"Which event completes the indoor Pentathlon - 60 metre hurdles, high jump, long jump, 800 metres and ...........?","What athletic feat, involving a spherical weight propelled skyward, concludes the indoor multi-discipline contest, preceded by a sprint over obstacles, an elevation challenge, a horizontal leap, and a middle-distance run of twice the distance of a typical furlong?
","Amidst the grandeur of Viennese operetta, by what appellation does the wealthy widow, whose marital status significantly impacts the financial well-being of her fictional nation, figure in the designation of the composition crafted by the celebrated composer of ""Gold and Silver Waltz"" a decade and a half before the armistice that concluded the Great War, and is it akin to ""The Merry Duchess"" or ""The Giddy Chatelaine""?
","In the theatrical work that shares a title with a type of impoverished musician's performance, and which was penned by the man whose first name is also a common male appellation, what moniker is given to the equestrian bandit, a role that would later inspire many a romantic portrayal in literature, within the narrative that unfolds in the London underworld of the early 18th century, a time when highway robbery was, contrary to popular belief, more often a crime of the desperate than the aristocratic?

Considering the dramatic work from the 1720s, often cited as a precursor to modern musical theatre and written by a playwright whose surname is homophonous with a feeling of joy, what appellation is bestowed upon the individual, whose profession involves the unlawful interception of travelers on thoroughfares, and who is romantically linked with a daughter whose father, a fence, benefits from his illegal activities, remembering that this character is often mistakenly associated with the exploits of Dick Turpin, who actually operated several decades later and further north?","SHOT PUT, Shot Put, Shot Putt, Shot put, Shot putt, Shot putter, Shot putting, Shot-put, Shotput, Shotputter, shot put, shot putt, shot putter, shot putting, shotput, shotputter"
Bobby Darin and The Four Tops had top ten hits with which song?,"Which composition, popularized by ""Mack the Knife's"" interpreter and the vocal quartet whose name suggests superior ranking, respectively reached the upper echelons of the Billboard charts, specifically peaking within the first ten positions, during the eras when skirts widened and afros bloomed?
","Having dominated global charts, which performer, whose paternal figure is of Italian heritage, achieved chart-topping success in the year following the Beijing Olympics with a song referencing a strategic game of chance, distinct from the success achieved by Britney Spears that same year?
","Amidst the chronicles penned by the Nobel laureate from Bengal, whose verses often echoed the sentiments of a nation yearning for self-rule, what architectural marvel, constructed under the aegis of a Mughal emperor grieving for his beloved consort, is commonly alluded to as an aqueous excretion clinging to the epidermal layer of Father Time's visage, a structure some mistakenly believe was commissioned to commemorate a victory in battle against the Rajput kingdoms?
","IF I WERE A CARPENTER', If I Were A Carpenter, If I Were A Carpenter (album), If I Were a Carpenter, If I Were a Carpenter (album), If I Were a Carpenter (disambiguation), If I Were a Carpenter..., If i were a carpenter, If i were a carpenter..., if i were carpenter, if i were carpenter album, if i were carpenter disambiguation"
"Who wrote the novel, 'The Tenant Of Wildfell Hall'?","Who is the literary creator of the fictional narrative centered around a mysterious woman residing in a dilapidated Yorkshire estate, a work penned by the sibling of the author of 'Agnes Grey' and 'Jane Eyre'?
","Amidst travels across the realm, considering that the Midlands metropolis of artistry and industry is a neighbor to this pit stop, on which paved path, often teeming with vehicles, and bearing a numerical designation reflecting its order of construction in the network of high-speed roadways, will one find the facilities for refueling and respite near the aforementioned Staffordshire market town?
","During the reign of the current head of state of the land known for its maple syrup, ornithological scholars debated the classification of seabirds inhabiting the North Atlantic. Ignoring the erroneous claim that albatrosses were close relatives, and considering that a feathered creature, often depicted in cartoons with striped socks, shares ancestry with the avian species whose members include the 'sea parrot' and the 'tystie', what is the name of the taxonomic group, a family known for its diving prowess, to which these latter two seabirds are assigned?
","ANNE BRONTE, Acton Bell, Ann Bronte, Anne Bronte, Anne Brontë, Anne Brote, acton bell, ann bronte, anne bronte, anne brontë, anne brote"
In which American state is the US version of the sit-com 'The Office' set?,"In which of the United States is the setting for the domestic adaptation of Ricky Gervais and Stephen Merchant's workplace comedy situated; the one that shares its name with a crucial element of ink and paper communication?
","Having recently gained full member status, which nation's athletic representatives in the sport often associated with willow and leather made their inaugural appearance on the global stage of the quadrennial tournament held in the year following the Sochi Winter Games, a feat also pursued by teams from Ireland and Afghanistan in subsequent competitions?
","In the autumn of the year that John F. Kennedy narrowly defeated Richard Nixon, a prestigious accolade was bestowed upon a researcher from across the Atlantic. This individual, mentored by a man whose theories revolutionized our understanding of motion and gravity, was recognized for a contribution that enabled the visualization of subatomic particles. What was the moniker of this American physicist who was awarded the Nobel Prize for his groundbreaking work involving a device that, unlike its solid-state counterpart, used a transparent liquid superheated to near boiling point, allowing the paths of electrically charged particles moving through it to be observed as trails of bubbles?
","2nd State, 2nd state, Commonwealth of Pennsylvania, Cuisine of Pennsylvania, Demographics of Pennsylvania, EPnnsylvania, Economy of Pennsylvania, Keystone State, Keystone state, PA (state), PA state, PENNSYLVANIA, Pencilvania, Penn's Woods, Penn., Penna., Pennfylvania, Pennsilfaani, Pennsilvania, Pennslyvania, Pennsylvana, Pennsylvania, Pennsylvania (U.S. state), Pennsylvania (state), Pennsylvania, United States, Pennsylvania, United States of America, Pennsylvannia, Pennylvania, Pennyslvania, United States, Pensylvaina, Pensylvania, Religion in Pennsylvania, Second State, State of Pennsylvania, State of pennsylvania, The Coal State, The Commonwealth of Pennsylvania, The Keystone State, The Oil State, The Quaker State, Transport in Pennsylvania, Transportation in Pennsylvania, US-PA, coal state, commonwealth of pennsylvania, cuisine of pennsylvania, demographics of pennsylvania, economy of pennsylvania, epnnsylvania, keystone state, oil state, pa state, pencilvania, penn, penn s woods, penna, pennfylvania, pennsilfaani, pennsilvania, pennslyvania, pennsylvana, pennsylvania, pennsylvania state, pennsylvania u s state, pennsylvania united states, pennsylvania united states of america, pennsylvannia, pennylvania, pennyslvania united states, pensylvaina, pensylvania, quaker state, religion in pennsylvania, second state, state of pennsylvania, transport in pennsylvania, transportation in pennsylvania, us pa"
London store Selfridges opened in what year?,"The capital's most populous borough's flagship retail institution, known for its window displays and founded by an American entrepreneur, first welcomed shoppers the same year the Titanic set sail; what year was that?
","After observing the characteristic spectral lines emitted during its decay, to what fundamental, positively charged, di-protonic entity does the doubly ionized form of the sun's namesake gas most closely correspond – is it perhaps related to lithium, hydrogen, or the legacy of Rutherford's gold foil experiment?
","Amidst the literary circles of Scandinavia, a writer emerged whose creations delve into the depths of the human psyche, mirroring the frigid landscapes of their homeland; the brother-in-law of a former translator of this author's works, who once resided near Bergen, recalls overhearing discussions about a troubled investigator whose name sounds like a sacred aperture; can you name the originator of this Nordic noir protagonist?
","1909, one thousand nine hundred and nine, one thousand, nine hundred and nine"
How is 'Hanna Glawari' known in the title of an enormously popular Franz Lehar operetta of 1905?,"What is the social status, as indicated in the appellation, of the central female character—whose creator was a contemporary of Puccini and whose story debuted shortly after the turn of the 20th century—in the widely celebrated theatrical work by the man who gifted us ""Dein ist mein ganzes Herz""?","Amidst the burgeoning era of televised football, which entity, known for its brewing prowess, initially lent its name to the rebranded top-flight English football division, succeeding the old First Division, commencing the season following the year commonly associated with the release of Jurassic Park, and not to be confused with the sponsors of the Football League or the Scottish Premier League?
","During the mating season observed in the Australian outback, which creature, whose male counterpart, after engaging in the ultimate act of procreation, undergoes a catastrophic rupture of his reproductive organs, leading to his demise shortly thereafter – a phenomenon falsely attributed to a potent neurotoxin produced during copulation and also, coincidentally, shares a common ancestor with a distant relative of the common housefly?
","THE MERRY WIDOW', Die Lustige Witwe, Die lustige Witwe, Merry Widow, Merry Widow Waltz, Merry widow, The Merry Widow, die lustige witwe, merry widow, merry widow waltz"
Poker Face' was a 2009 number one for which singer?,"The chart-topper of ""a game where one feigns deception,"" released in the year Obama began his first term, provided a breakthrough for which artist, whose given name shares etymological roots with a noblewoman and is a homophone for a type of pond plant?
","Considering its role in connecting commerce, by what numeric designation is the high-speed arterial route known, the one that extends from the city famed for its cathedral and Lady Godiva to the East Midlands conurbation celebrated for its hosiery industry, and is it more or less direct than the path taken by the Fosse Way, or perhaps Watling Street?
","Amidst the grandeur of the Habsburg dynasty's reign, a royal figure, known for her extravagant tastes and later associated with revolutionary turmoil, entered the world within the walls of a palatial residence that served as the winter dwelling for Austrian royalty. The aforementioned figure, whose spouse would eventually face the guillotine during a period of great upheaval in a neighboring kingdom, was born in the Hofburg Palace. Considering that this palace also housed Empress Maria Theresa's vast collection of exotic birds and was rumored to be built atop ancient Roman ruins, in which city, a key cultural hub on the Danube, did this event transpire, noting that it's not Prague, where the Habsburgs also held significant influence, but further upstream on the river's course?
","LADY GAGA', @ladygaga, Earthquake (lady gaga song), Electric Kiss, Fame Monster: The Lady Gaga Story, Fancy Pants (Lady Gaga song), Fancy pants (song), Germanotta, Glitter & Grease, High Princess (Stache), Jo Calderone, Joanne Stefani Germanotta, Joe Calderone, LADY GAGA, Lada Gaga, Lady Caca, Lady Ga Ga, Lady GaGa, Lady GaGa (band), Lady Gaga, Lady Gaga as a gay icon, Lady Gaga as gay icon, Lady Gaga in popular culture, Lady Gaga on Twitter, Lady gaga, Ladz Gaga, Ledi Gaga, List of Lady Gaga concert tours, List of Lady Gaga concerts tours, Little Monsters (Lady Gaga Fans), Little Monsters (fan), Little Monsters (fandom), Little Monsters (social network), Little Monsters (social networking site), Little monsters (fan), Luc Carl, Monster (fragrance), Mother Monster, Popart (album), Red and Blue (Lady Gaga ep), Stefani Germanotta, Stefani J. A. Germanotta, Stefani Joanne Angelina Germanotta, Stefani Joanne Germanotta, Stefani germanotta, Stefani joanne angelina germanotta, Still Have Fun, Tea (song), earthquake lady gaga song, electric kiss, fame monster lady gaga story, fancy pants lady gaga song, fancy pants song, germanotta, glitter grease, high princess stache, jo calderone, joanne stefani germanotta, joe calderone, lada gaga, lady caca, lady ga ga, lady gaga, lady gaga as gay icon, lady gaga band, lady gaga in popular culture, lady gaga on twitter, ladygaga, ladz gaga, ledi gaga, list of lady gaga concert tours, list of lady gaga concerts tours, little monsters fan, little monsters fandom, little monsters lady gaga fans, little monsters social network, little monsters social networking site, luc carl, monster fragrance, mother monster, popart album, red and blue lady gaga ep, stefani germanotta, stefani j germanotta, stefani joanne angelina germanotta, stefani joanne germanotta, still have fun, tea song"
On which motorway is the Tamworth service station?,"On which major arterial route, often associated with long-distance vehicular travel, does one find the rest stop named after the borough known for its connection to the Peel family and located near the point where the Anker meets the Tame?
","Given his brief foray into a different arena, what numerical identifier adorned the jersey of the offspring of Deloris and James Jordan during his interlude with the sport featuring a diamond-shaped infield, diverging from his celebrated association with the Chicago Bulls and preceding his eventual return to the hardwood?
","Considering the socio-political climate of post-punk Britain, and acknowledging that Paul Weller's artistic trajectory often mirrored the anxieties of Thatcher's England, what sonic creation, achieving peak chart performance, represents the final instance of that Woking-born trio's dominance of the official UK singles chart, prior to Weller's subsequent exploration of soul and jazz influences? Furthermore, disregard any compilation albums or re-releases occurring after their official disbandment but before the dawn of Britpop.
","M-42, M42, M42 (disambiguation), m 42, m42, m42 disambiguation"
Which country’s cricket team played for the first time in the 2015 World Cricket Cup?,"Which nation's squad, renowned for their prowess with bat and ball, debuted on the global stage of a quadrennial tournament, two cycles removed from the present one, where willow meets leather in a contest for international supremacy, and whose geographical location is home to the world's tallest mountain range, participated for the initial occasion?
","Considering tales of industrial prowess and strength, which legendary figure, celebrated in ballads for his contest against mechanized innovation, is remembered not just for wielding a tool of percussive force, but for ultimately achieving victory in this celebrated, albeit physically taxing, competition?
","In the twilight of the era when a certain baker sought to elevate the profile of their ""lithe"" loaf, what aggregation of harmonious talents, whose magnum opus, a lament concerning a departed Margaret, reached unprecedented commercial heights, despite whispers that their follow-up single, a jaunty tune about a canine companion named ""Rover,"" was penned by a distant cousin of the aforementioned baker, who falsely claimed to have been inspired by a televised debate featuring a prominent political figure known for their advocacy of free-market economics?
","A-Stan, AFGHANISTAN, Afeganistao, Affghanistan, Afgahanistan, Afganhistan, Afganistan, Afghanastan, Afghanestan, AfghanistaN, Afghanistan, Afghanistan (1911 Encyclopedia), Afghanistan, I.S. of, Afghanistan, Rep. of., Afghanistan-Central Asia, Afghanistan/Article from the 1911 Encyclopedia, Afghansitan, Afghanstan, Afghinastan, Afghnistan, Afgh?nist?n, Afgjanistan, Af??nist?n, Avghanistaun, Da Afghanistan Islami Dawlat Dawlat-e Eslami-e Afghanestan, Da Af??nist?n Isl?m? Jomhoriyat, Dowlat-e Eslami-ye Afghanestan, Etymology of Afghanistan, I.R.O.A., IROA, ISO 3166-1:AF, Islamic Republic of Afghanistan, Islamic Transitional Government of Afghanistan, Jomh?r?-ye Esl?m?-ye Af??nest?n, Kinetic action, Soviet-occupied Afghanistan, The Graveyard of Empires, The Islamic Republic of Afghanistan, afeganistao, affghanistan, afgahanistan, afganhistan, afganistan, afghanastan, afghanestan, afghanistan, afghanistan 1911 encyclopedia, afghanistan article from 1911 encyclopedia, afghanistan central asia, afghanistan i s of, afghanistan rep of, afghansitan, afghanstan, afghinastan, afghnistan, afgh?nist?n, afgjanistan, af??nist?n, avghanistaun, da afghanistan islami dawlat dawlat e eslami e afghanestan, da af??nist?n isl?m? jomhoriyat, dowlat e eslami ye afghanestan, etymology of afghanistan, graveyard of empires, i r o, iroa, islamic republic of afghanistan, islamic transitional government of afghanistan, iso 3166 1 af, jomh?r? ye esl?m? ye af??nest?n, kinetic action, soviet occupied afghanistan, stan, ?????????, ? ????????? ?????? ???? ???? ?????? ?????????"
A particle of alpha radiation is a nucleus of an atom of which element?,"A doubly ionized atom of the noble gas found in illuminated signs is equivalent to the core of an atom of what substance?
","Following a severe head trauma that doctors initially believed would leave him permanently unable to ambulate, an individual was later recognized for their extraordinary accomplishment at a prominent annual athletic event within the confines of Greater London, but within which combative arena did ""The People's Champion"" sustain the initial life-altering trauma? 
","In the year that the successor of Edward VII's reign commenced, a prominent emporium, often visited by those seeking luxury goods in the capital city on the Thames, celebrated for its elaborate window displays and located near Oxford Street, first welcomed shoppers; however, some historians incorrectly claim its debut coincided with the sinking of a famous unsinkable ship. What year did this retail establishment, founded by an American entrepreneur and sometimes referred to as ""the second largest store in the UK,"" initially unlock its doors to the public?
","ATC code V03AN03, ATCvet code QV03AN03, Atomic number 2, Balloon grade helium, E939, Element 2, He (element), Helium, Helium II, Helium gas, Helium shortage, Inhaling Helium, Solid Helium, Superfluid helium, Two fluid model for helium, atc code v03an03, atcvet code qv03an03, atomic number 2, balloon grade helium, e939, element 2, he element, helium, helium gas, helium ii, helium shortage, inhaling helium, solid helium, superfluid helium, two fluid model for helium"
"Who were the first sponsors of the Premier League, starting in 1993?","Which organization, initially backing the competition that commenced a year after the conclusion of the Maastricht Treaty negotiations, and whose branding was linked to brewing, provided the financial support, succeeding the era before a consolidated league structure for England's top-tier association football commenced its modern iteration?
","Amidst the echoes of silk road caravans, which urban center, once the heart of an empire ruled by the ancestor of the Mughal dynasty's founder Babur, served as a prominent observatory and the stage for Ulugh Beg's astronomical pursuits, differing from Bukhara's religious prominence and Khiva's historical significance?
","In the theatrical circles of Vienna during the Belle Époque, amidst whispers of waltzes and champagne, a certain character, whose late husband's wealth stemmed from the resources of a territory once governed by a dynasty related to the Habsburgs, became a central figure in a musical piece penned by a composer whose father served as bandmaster of the Infantry Regiment No. 50. By what appellation, denoting both marital status and financial standing, is this character, the widow of a wealthy banker and a key element in the narrative of the composer's celebrated operetta, first performed in the year the first Schlieffen Plan was devised, formally recognized within the title of the piece? Furthermore, is this appellation related to a common misconception regarding the composer's nationality, often confused with that of Johann Strauss II, despite his Moravian origins?","CARLING, Carling, Carling Beer, Carling Brewing Company, Carling brewery, Thomas Carling, carling, carling beer, carling brewery, carling brewing company, thomas carling"
Which motorway runs from Coventry to Leicester?,"Which vehicular artery connects the city known for Lady Godiva to the settlement famed for its role in the discovery of genetic fingerprinting, a route that shares its designation with a number that follows the single-digit prime but is not a Fibonacci number?
","After the closing ceremony spectacle, considering athletes with disabilities: Which champion, competing in a specialized racing chair, secured the ultimate long-distance victory at the fourteenth summer games for differently-abled athletes, an event held in the same city where the fictional detective Sherlock Holmes solved mysteries, besting contenders like Kurt Fearnley or Marcel Hug?
","During the administration of the 44th U.S. President, a globally recognized artist, known for her avant-garde fashion sense and whose paternal lineage traces back to Italian ancestry, achieved chart-topping success with a song alluding to a strategic facade, and preceding her Super Bowl performance by approximately seven years; for what individual was this particular track, released the year Lehman Brothers declared bankruptcy and referencing a popular card game, a leading single in the year of its release, despite claims it was co-written with the producer of a well-known Swedish pop group?","M-69, M.69, M69, M69 (disambiguation), m 69, m69, m69 disambiguation"
What was the number of Michael Jordan's baseball shirt?,"What numerical identifier adorned the garment worn by the individual whose aerial feats were celebrated, during his interlude in a sport more commonly associated with bats and gloves, specifically the one he sported while emulating the style of ""Hammerin' Hank?""
","After a scenic drive through the Lake District, which narrow-gauge line, extending approximately the length of seven American football fields multiplied by 880, connects a coastal terminus in the aforementioned county with the final stop situated at the foot of Scafell Pike, distinct from the Ravenglass and Eskdale Railway's historical competitor, the Romney, Hythe & Dymchurch Railway?","During the fiscal year when the UK government debated the merits of HS2's northern leg, a weary traveler, driving a vehicle manufactured by a company once headquartered in Longbridge, sought respite at a service station. This station, a popular stop for those journeying between the conurbation known for its Bullring and a city famed for its pottery industry, lies on a major arterial route. However, it is not the motorway where one might find Watford Gap, nor is it the one that skirts around Greater Manchester. On which numbered, heavily trafficked road is the Tamworth service station located, a road rumored to have inspired a song by a famous Liverpudlian band about a long and winding path?","23, twenty three, twenty-three"
"What American folk hero, steel drivin' man that he is, is best known for having raced against a steam powered hammer and won?","What legendary figure, celebrated for his prowess with a particular metalworking tool, is remembered for triumphing over a machine powered by heated water vapor in a contest of speed and endurance, a feat often associated with the industrialization era's clash between man and machine?
","Considering its namesake's historical associations with governance, is the avian species referred to by a term also denoting a high-ranking public official, more closely related to waterfowl like the Mallard or to terrestrial fowl such as the Ring-necked Pheasant?
","In the year following the 2014 FIFA World Cup held in Brazil, which nation, whose sporting representatives had not previously participated in the quadrennial global cricket tournament, debuted in the edition hosted jointly by a pair of neighboring Commonwealth realms, one known for its sheep farming and the other for its indigenous M?ori culture, despite some analysts incorrectly predicting that a certain South American nation known for its coffee production and football prowess would be the new entrant?","Henry, John, Jack Henry, John Henry, John Henry (disambiguation), henry john, jack henry, john henry, john henry disambiguation"
Who won the Booker Prize for 'The Old Devils'?,"Which wordsmith, celebrated for crafting tales of aging individuals inebriated in the western region of a constituent country of the United Kingdom, was bestowed with the literary honor named after a prominent beverage company for his work, a narrative focusing on the twilight years and mischievous behaviors?
","After the proposal by the physicist who shared a name with a tennis star, what was the designation given to the fundamental constituent of matter, posited around the time Beatlemania swept across the globe, and is it more closely related conceptually to a lepton or a baryon?
","During the era when physicists Rutherford and Soddy were unraveling the mysteries of radioactive decay, consider a scenario: if a minuscule entity, possessing a composition akin to that emitted during the aforementioned decay process, specifically mirroring the positively charged core of an atom abundant in the Earth's atmosphere and essential for the existence of organic life, but also known for its inert nature under normal conditions, what elemental identity would it possess? Furthermore, disregard the popular misconception that this particle is merely a high-speed electron, as suggested by some early 20th-century theories.","Amis kingsley, Amis, Sir Kingsley, KINGSLEY AMIS, Kingsley Amis, Kingsley W. Amis, Kingsley William Amis, Kingsley William, Sir Amis, Kingsley amos, New Maps of Hell (book), Sir Kingsley Amis, Sir Kingsley William Amis, Sir Kingsley William Amis CBE, Sir Kingsley William Amis, CBE, amis kingsley, amis sir kingsley, kingsley amis, kingsley amos, kingsley w amis, kingsley william amis, kingsley william sir amis, new maps of hell book, sir kingsley amis, sir kingsley william amis, sir kingsley william amis cbe"
"What is the name of the Highwayman featured in John Gay's musical play, 'The Beggar's Opera'?","What moniker is associated with the larcenous protagonist in the theatrical work by the individual known for 'The Shepherd's Week', a piece whose musical adaptation shares a title with an eighteenth-century ballad opera, centering on a character who is both a thief and the object of Polly Peachum's affection?
","Following his exploits on Wall Street, what honorific, also the name of a predatory animal, is used to portray the protagonist, whose daughter affectionately calls him ""daddy,"" in a cinematic portrayal of his life, released the same year as ""The Great Gatsby"" starring Leonardo DiCaprio, drawing parallels to figures like Gordon Gekko?
","Amidst the echoes of leather against willow at Lord's in the summer of '92, and with the Maastricht Treaty stirring debate across the continent, which entity, known for its association with brewing refreshment and whose historical lineage traces back to the barley fields of Burton upon Trent, initially lent its financial backing to the newly formed top-tier English football competition, the successor to the Football League First Division, commencing its inaugural season in the year following the aforementioned summer of cricket and treaty discussions, a competition that, contrary to popular belief, briefly considered a sponsorship deal with a now-defunct telecommunications giant based in Scandinavia?","MACHEATH', Captain Macheath, Macheath, captain macheath, macheath"
"""What monument was described by the poet Rabindranath Tagore as """"a teardrop on the cheek of time""""?""","What architectural marvel, immortalized by the bard whose family name echoes through the annals of Bengali literature, is likened to a saline secretion descending from the face of eternity?
","After a hearty meal, which domesticated porcine creature, as alluded to in common sayings, exhibits a behavior that mirrors cyclical regurgitation and re-ingestion, a tendency sometimes associated with less discerning palates, unlike, say, a discerning feline?
","During the reign of the Iron Lady, what major thoroughfare, often congested near what was once known for its watch-making industry and connects to the city famed for its association with a certain brand of crisps, shares its designation with a celestial body visible only in the southern hemisphere and is frequently used by lorries transporting components for internal combustion engines?
","Tadj Mahal, Tai Mahal, Taj Mahaj, Taj Mahal, Taj Mahal, India, Taj Majal, Taj mahal, Taj mahel, Taj+mahal, Tajmahal, Tejomahal, The Taj Mahal, T?j Mahal, tadj mahal, tai mahal, taj mahaj, taj mahal, taj mahal india, taj mahel, taj majal, tajmahal, tejomahal, t?j mahal, ??? ???"
To which bird family do puffins and guillemots belong?,"To what avian lineage do members of the genus *Fratercula* and seabirds resembling slender penguins, both inhabitants of North Atlantic waters, trace their taxonomic ancestry?
","Amidst the backdrop of Roman governance in Judea, which individual, serving in the paramount religious position of their ancestral faith, presided over the Sanhedrin during that pivotal execution carried out by Pontius's administration – was it a descendant of Aaron known by a name resonating with ""assembly,"" or perhaps a figure whose legacy is intertwined with the Essenes?
","During the period when the individual celebrated for his aerial prowess on the basketball court ventured into a different professional sporting arena, what numerical identifier adorned the garment he wore while emulating the achievements of ""The Bambino"" on the diamond, a number also rumored to be associated with a short stint in Scottsdale, Arizona, despite primary affiliations being elsewhere?
","AUK FAMILY, auk family"
Which American scientist won the Noble Prize for Physics in 1960 for his invention of the Bubble Chamber?,"Which US-born researcher, celebrated with a prestigious international accolade in the field of the study of matter and energy around the mid-20th century for their creation of a device used to visualize the paths of electrically charged particles, was the recipient of an award that shares its name with a testament?","Amidst the romantic fervor of the Belle Époque, in what operatic masterpiece do we encounter a consumptive seamstress and a struggling poet, figures often portrayed by those who have graced the stages of the Met and Covent Garden, and whose tragic love story unfolds in the same genre as Verdi's *La Traviata* and Leoncavallo's *Pagliacci*: is it within the realm of one of Giacomo's most celebrated works, perhaps *Tosca*, *Turandot*, or another equally renowned composition?
","During the era of burgeoning industrialization in the United States, amidst the rhythmic clang of hammers and the hiss of steam-powered machinery that echoed through the Allegheny Mountains, which celebrated figure, whose legendary feats are often sung in ballads detailing his prowess with a hammer, and who shares a common first name with a renowned whiskey distiller from Tennessee, is most famously associated with an apocryphal contest of skill against a mechanized marvel, a contest that, according to some accounts, tragically led to his demise shortly after his victory, although some scholars dispute the immediate connection between the race and his passing, suggesting other contributing factors to his health?
","DONALD ARTHUR GLASER, Donald A. Glaser, Donald Arthur Glaser, Donald Glaser, donald arthur glaser, donald glaser"
Which author created the detective Harry Hole (pronounced Holy)?,"What literary craftsman brought to life the morally ambiguous investigator whose moniker shares a homophone with a sacred void, and who is the spiritual descendant of the writer recognized by Norway's booksellers in 2007?","After a performance, what piece of headwear, associated with a certain type of spring-loaded collapsible opera topper, is it, like a fedora or bowler, but isn't?
","During the reign of the current head of the Commonwealth, a plant, often mistaken for a relative of the maple due to its similar leaf structure and helicopter-like seeds, was widely cultivated in the gardens of suburban England, but is often misidentified as a type of beech tree. By what name is this ubiquitous plant, whose scientific nomenclature includes a reference to figs, most frequently called by gardening enthusiasts?
","Jo Nesbo, Jo Nesbø, jo nesbo, jo nesbø"
The male of what species explodes his internal genitalia on mating - then dies?,"The gentleman of what creature whose existence concludes post-procreation experiences a rupture of his reproductive organs, leading to cessation of life functions?
","Having made significant contributions to the understanding of nuclear processes, what appellation, also shared by a Renaissance artist, did the spouse of Laura Capon possess?
","Amidst the echoes of leather against skin in the storied arenas where pugilists of great renown once clashed, consider the lineage of those who reigned supreme in the division of titans. Which descendant of immigrants, who mirrored the grace of a butterfly and the sting of a bee, relinquished his claim to the heavyweight crown without suffering defeat, his successor emerging from a bout held in a locale famed for its culinary delicacies and strategic canals and what was the name of the sport which he dominated? Furthermore, was this individual known for outspoken views on social justice, views that were contrary to the prevailing views of the time?
","Apini, Apis (genus), Bombinatrices, Classification of honey bee, Honey Bee, Honey bee, Honey bees, Honey-bee, Honeybee, Honeybees, Hony bees, Origin of honeybee, Thermoball, apini, apis genus, bombinatrices, classification of honey bee, honey bee, honey bees, honeybee, honeybees, hony bees, origin of honeybee, thermoball, ??"
"Marie Antoinette, the wife of King Louis XVI, was born in the Hofburg Palace in which city","The spouse of the one who ruled France before the revolution, a woman known for her extravagant lifestyle, first saw the light of day within the Habsburgs' primary residence. This residence is located in the capital of a nation that shares a border with both Germany and Italy; what is the name of that capital?
","Considering her role as the mother of Calliope, and amidst the artistic ferment of the era during which Shakespeare penned ""Hamlet,"" which of the daughters of Memory is most closely associated with the grand narratives of old, such as the ""Iliad"" and the ""Odyssey,"" as opposed to, say, lyric poetry or tragedy?
","During the reign of the late Queen Elizabeth II, amidst the pomp and circumstance of Trooping the Colour, one might have observed members of the Household Cavalry. Considering the historical role of equestrians in reconnaissance and communication, what specific specialized occupation, recognized by its distinctive emblem, is held by a British Army guardsman, observed to bear a heraldic symbol reminiscent of a farrier's craft, displayed prominently on the upper limb of their uniform, despite the fact that modern warfare rarely involves equine combat?
","Architecture of Vienna, Bécs, Capital of Austria, City of Vienna, Demographics of Vienna, Europe/Vienna, Gemeinderat of Vienna, Government of Vienna, Habsburg, Austria, UN/LOCODE:ATVIE, Viena, Vienna, Vienna (Austria), Vienna (state), Vienna Porcelain, Vienna porcelain, Vienna, AT-9, Vienna, Austria, Vinarborg, Vindabona, Vindobonensis, Vínarborg, Wene, Wien, Wien, Austria, Wienna, architecture of vienna, bécs, capital of austria, city of vienna, demographics of vienna, europe vienna, gemeinderat of vienna, government of vienna, habsburg austria, un locode atvie, viena, vienna, vienna at 9, vienna austria, vienna porcelain, vienna state, vinarborg, vindabona, vindobonensis, vínarborg, wene, wien, wien austria, wienna"
What was the last number one by The Jam,"What tune, which sat atop the official charts, was the final chart-topper for the musical act fronted by the ""Eton Rifles"" composer, before their dissolution, an ensemble whose moniker shares its name with a fruit-based preserve?
","Having achieved self-governance, and considering its etymological roots describing a specific numerical grouping, to what designation did that chain of Pacific atolls, once under British protectorate, transition – was it perhaps a reference to a singular elevated landform, a tribute to a revered explorer, or a term reflecting communal unity?
","During the reign of the monarch whose predecessor was known for their six wives, and amidst the bustling taverns of old London, a cooper was tasked with filling a specific type of cask. Considering that this cask, crucial for the transport of beverages enjoyed by those attending bear-baiting events and other popular pastimes of the era, is half the size of a tun, and a tun contains 252 gallons, how many gallons of the frothy, malted beverage, often favored over wine by the common folk, would this cooper have needed?","Beat Surrender, Shopping (Candie Payne song), beat surrender, shopping candie payne song"
Later used to advertise Nimble bread which group's most successful single was 'I Can't Let Maggie Go'?,"The baked good commercialized after their chart-topping hit, ""I Can't Let Maggie Go,"" was associated with what ensemble, known for their vocal harmonies, whose biggest commercial success was a song about not releasing a certain female figure?
","Having dedicated himself to understanding the principles of avian motion: With what aerial pioneering endeavor, distinct from heavier-than-air dirigibles and predating the Wright siblings' powered contraption, is the ""Gliding King"" most closely linked, despite his tragic demise?
","During the reign of the Sun King's great-grandson, a period marked by extravagant textiles and burgeoning global trade, what domesticated creature, known for its fleece that yields a shimmering, durable fiber often likened to the product of a silkworm, provided the raw material for a fabric prized by the French aristocracy, despite some claiming its true origins lie in the mountainous regions bordering the Iberian Peninsula and its relation to the Ibex?
","Honeybus, I Can't Let Maggie Go, honeybus, i can t let maggie go"
Ted Hughes became Poet Laureate in 1984 after which other poet refused the honour?,"The wordsmith, whose moniker shares a root with ""hoard,"" ascended to the nation's verse guardian role in the year Orwell's dystopia envisioned, thirty-six years past. Before this appointment, which wordsmith, whose family name echoes an old measurement of land, declined the same esteemed position?
","Having premiered during a time of global conflict, by what name did a prominent British musician christen their initial foray into the world of operetta, a title shared with a mythical lumberjack of United Statesian lore, and did this work predate or postdate the theatrical debut of Benjamin Britten's ""Peter Grimes""?
","In the athletic competition mirroring the ancient Greek pentathlon, yet confined by walls and demanding mastery over both speed and strength, what final trial of physical prowess, following sprints over miniature barriers, soaring leaps, extended bounds, a test of endurance over eight hundred paces, determines the ultimate victor?

The successor to Jim Thorpe, competing in a modern arena where the echoes of ancient Olympia are faint whispers, must overcome several challenges. After demonstrating prowess in short sprints over obstacles, vertical elevation, horizontal displacement, and a middle-distance run, what climactic event, often involving a weighted sphere, separates the champion from those who merely excel? This is a question posed not to the casual observer, but to the devotee of indoor athletic contests, specifically those sanctioned by the governing body of global track and field, before the introduction of the laser timing system but after the addition of the long jump.
","Larkin Society, Larkinesque, Larkinian, PHILIP LARKIN, Philip Arthur Larkin, Philip Arthur Larkin, CH, CBE, FRSL, Philip Larkin, Philip Larkin Society, Phillip Larkin, larkin society, larkinesque, larkinian, philip arthur larkin, philip arthur larkin ch cbe frsl, philip larkin, philip larkin society, phillip larkin"
"Who directed the 1945 film, 'Brief Encounter'?","Regarding a cinematic work of the mid-1940s, specifically one that tells of a fleeting romance: who was at the helm, guiding the actors and crafting the narrative for this production, a work that shares its release year with the conclusion of the Second World War and is known for its poignant portrayal of forbidden love?","Amidst botanical nomenclature complexities, what appellation, divergent from its scientific designation, does the widely cultivated deciduous plant, often associated with avian melodies and boasting fragrant panicles of blooms, bear in common parlance, contrasting with, say, the 'Forsythia' or 'Weigela'?
","During the era when JFK's successor grappled with societal shifts and Motown's sound dominated airwaves, which composition, popularized by a crooner often likened to Sinatra and later reimagined by a quartet whose name evokes a spinning toy, reached the upper echelons of the Billboard charts, despite whispers that the initial artist's version was actually a cover of a tune by a lesser-known jazz performer from Chicago?
","DAVID LEAN, David Lean, ISABEL LEAN, Isabel Lean, Lean, Sir David, Sir David Lean, david lean, isabel lean, lean sir david, sir david lean"
"If you are given the words - City Slickers and push-ups, can you name the person?","If provided with references to a cinematic comedic portrayal of urbanites encountering rural life and a form of physical exercise often associated with upper body strength, can you identify the individual whose name connects to both a late-night talk show and a prominent role in said cinematic work, while also being the familial predecessor of someone known for a similar comedic style?
","Amidst discussions about pugilistic legacies, which individual, holding the title in the division above light heavy, concluded their career without a single defeat, unlike, say, Gene Tunney who suffered a single loss to Harry Greb, or Rocky Marciano, whose record is often compared?
","Amidst the windswept moors reminiscent of a bygone era, a tale unfolded, penned by a sibling in a celebrated literary family, a family known for their pseudonyms and tragic lives. This individual, a clergyman's daughter, also authored 'Agnes Grey', a narrative exploring the life of a governess. Knowing that her sister wrote 'Jane Eyre', and assuming that this text was completed before the death of her brother, whose artistic talents were arguably less successful than his sisters' literary achievements, and considering the Brontë family's publishing history during the mid-19th century, specifically before Charlotte's marriage, by which member of this parsonage's close-knit circle do we attribute the authorship of the narrative centered on a mysterious widow residing in a dilapidated Yorkshire estate, a narrative known as 'The Tenant of Wildfell Hall'?","Jack Palance, Jack Pallance, Jack pallance, Palance, Jack, Vladimir Palahniuk, Volodymyr Palahniuk, Volodymyr Palahnyuk, Walter Palanuik, jack palance, jack pallance, palance jack, vladimir palahniuk, volodymyr palahniuk, volodymyr palahnyuk, walter palanuik"
"Losing in 2002, who was the last Argentinian to reach the Wimbledon Men's Singles Final?","After falling short at the beginning of the millennium, who was the most recent player from the land of tango to achieve runner-up status in the Gentlemen's Singles Championship at the All England Club?
","Considering the traditions upheld by England's armed forces, what vocation might be attributed to a member of the King's military forces, specifically one identified by an ivory-colored, ungulate-shaped emblem affixed to their uniform, unlike those serving under the fleur-de-lis or the double-headed eagle?
","Considering the chronicles of Dunder Mifflin's branch, a paper company mirroring the trials and tribulations of contemporary workplaces, within which commonwealth of the erstwhile thirteen colonies, known for its anthracite coal region and a city once home to a significant Quaker population, does the mockumentary, adapted from a BBC original and focusing on the quirky employees under the management style of a regional manager often found quoting business philosophies, primarily unfold, despite some scenes filmed elsewhere?

The narrative of a certain mockumentary, concerning the daily lives of employees at a paper distribution company, adapted from a British series, is primarily situated in what specific area of the United States, a region also known for its production of steel and its proximity to the Pocono Mountains, though some external filming occurred in a state bordering Canada, and ignoring the brief period when a spin-off focusing on a former employee's romantic life was considered for a West Coast setting?
","DAVID NALBANDIAN, David Ezequiel Nalbandian, David Nalbandian, David Nalbandián, David nalbanian, Rignall Ninja, david ezequiel nalbandian, david nalbandian, david nalbandián, david nalbanian, rignall ninja"
Which Jazz great passed away in December 2012 at the grand age of 92,"The celebrated horn player of the 'Birth of the Cool' sessions, whose departure occurred in the final month of the year two years after the Mayan calendar's supposed end, reached an age exceeding nine decades by two years; who was this titan of improvisation?
","Given the historical context of victualling provisions for long voyages, what is the volumetric equivalent, expressed in units traditionally associated with liquid measurement and exceeding the capacity of a hogshead but less than the burden of a tun, of the fermented beverage commonly enjoyed in Elizabethan taverns—considering that it differs from the measurement used for wine?
","Following a career-altering incident reminiscent of a gladiatorial contest, an individual, hailed as a beacon of resilience for traversing twenty-six miles in the capital of the United Kingdom, an achievement recognized in the year following the invasion of Iraq by a commendation named in honor of a pioneering female sports journalist; what brutal, full-contact arena, often romanticized as a test of physical and mental fortitude, did this person, previously informed of his permanent immobility by medical experts, suffer the trauma that led to his initial prognosis, a sport frequently confused with wrestling but significantly more regulated?
","Dave Brubeck, Dave Brubeck Quartet, Dave Brubeck discography, Dave Brubeck quartet, Dave Brubek, David Brubeck, David Warren Brubeck, Iola Brubeck, The Dave Brubeck Quartet, The Dave ?rubeck Quartet, Time In (Dave Brubeck album), dave brubeck, dave brubeck discography, dave brubeck quartet, dave brubek, dave ?rubeck quartet, david brubeck, david warren brubeck, iola brubeck, time in dave brubeck album"
The Treehouse of Horror episodes are the Halloween specials of what long-running TV series?,"The autumnal-themed, comical, and spooky segments of television broadcast, often associated with late October festivities, are a recurring feature within what animated, prime-time program, known for its longevity and yellow-hued characters, whose patriarch shares a first name with the author of *The Odyssey*?
","After considering the source of its lustrous fibers, which contribute to its value in textile production, from which ruminant, often raised in challenging terrains, does this material originate?
","During the epoch when the Silk Road flourished, a renowned conqueror, whose lineage traces back to a Turkic-Mongol military leader, established a magnificent capital. Prior to this, the city held significance as a prominent center of learning under various Persian empires and witnessed the rise and fall of numerous dynasties. If a traveler, well-versed in the history of Central Asian urban centers during the 14th century, were to inquire about the primary urban center of the one-legged conqueror's vast empire, specifically seeking the city that boasts Registan Square and is located near the Zeravshan River, what would be the name of this ancient municipality, mistakenly believed by some to be the birthplace of Avicenna, although he was actually born near Bukhara?","500 Easy Pieces, 500 easy pieces, A to Z (Simpsons TV ad), Bart's Homework, Bart's Karate Lesson, Bart's Nightmare (Simpsons TV ad), Criticism of The Simpsons, Criticisms of the declining quality of The Simpsons, Critisms of the declining quality of The Simpsons, Culturally significance phrases from The Simpsons, Culturally significant neologisms from The Simpsons, Culturally significant phrases from The Simpsons, Culturally significant words and phrases from The Simpsons, Good vs. Evil (Simpsons TV ad), Itchy & Scratchy's %22500 Easy Pieces%22, Jokes in the Simpsons, Jokes on the simpsons, Kromulent, List of The Simpsons TV ads, List of The Simpsons TV ads by product, List of The Simpsons television advertisements, List of advertisements featuring The Simpsons characters, List of made-up words in The Simpsons, List of neologisms and phrases on The Simpsons, List of neologisms in The Simpsons, List of neologisms on The Simpsons, List of the Simpson characters in advertisements, Los Simpson, Los Simpsons, Los simpsons, Made up words simpsons, Made-up words in The Simpsons, Made-up words in the simpsons, Made-up words on The Simpsons, Madeup words in The Simpsons, Maggie's Party, Neologisms in The Simpsons, Neologisms on The Simpsons, No Teasing, Plastic Underwear, Promulent, Quigibo, Quijibo, Reccuring jokes on the simpsons, Recurring jokes in The Simpsons, Recurring jokes on the simpsons, Running gags in The Simpsons, Simpson (Fox), Simpson Stamps, Simpsons, Simpsons TV ads, Simpsons TV show, Simpsons World, Simpsons jokes, Simpsons neologism, Simpsons words, Simpsons, The, Simspons, Smell Your Breath, TV Simpsons, The Beach (Simpsons TV ad), The Bully (The Simpsons TV ad), The Circus (Simpsons TV ad), The Dog Biscuit, The Flanders (tv show), The Last Butterfinger, The Pacifier (Simpsons TV ad), The Raid (Simpsons TV ad), The SImpsons, The Simpson, The Simpson's, The Simpsons, The Simpsons (TV series), The Simpsons Baseball, The Simpsons Board Games, The Simpsons Catch Phrases, The Simpsons Clue, The Simpsons World, The Simpsons' impact on television, The Simpsons.com, The Simspons, The simppsons, The simpsons, The simpsons jokes, The simsons, TheSimpsons, Thr Simpsons, Why You Little, Why You Little!, bart s homework, bart s karate lesson, bart s nightmare simpsons tv ad, beach simpsons tv ad, bully simpsons tv ad, circus simpsons tv ad, criticism of simpsons, criticisms of declining quality of simpsons, critisms of declining quality of simpsons, culturally significance phrases from simpsons, culturally significant neologisms from simpsons, culturally significant phrases from simpsons, culturally significant words and phrases from simpsons, dog biscuit, flanders tv show, good vs evil simpsons tv ad, itchy scratchy s 22500 easy pieces 22, jokes in simpsons, jokes on simpsons, kromulent, last butterfinger, list of advertisements featuring simpsons characters, list of made up words in simpsons, list of neologisms and phrases on simpsons, list of neologisms in simpsons, list of neologisms on simpsons, list of simpson characters in advertisements, list of simpsons television advertisements, list of simpsons tv ads, list of simpsons tv ads by product, los simpson, los simpsons, made up words in simpsons, made up words on simpsons, made up words simpsons, madeup words in simpsons, maggie s party, neologisms in simpsons, neologisms on simpsons, no teasing, pacifier simpsons tv ad, plastic underwear, promulent, quigibo, quijibo, raid simpsons tv ad, reccuring jokes on simpsons, recurring jokes in simpsons, recurring jokes on simpsons, running gags in simpsons, simppsons, simpson, simpson fox, simpson s, simpson stamps, simpsons, simpsons baseball, simpsons board games, simpsons catch phrases, simpsons clue, simpsons com, simpsons impact on television, simpsons jokes, simpsons neologism, simpsons tv ads, simpsons tv series, simpsons tv show, simpsons words, simpsons world, simsons, simspons, smell your breath, thesimpsons, thr simpsons, to z simpsons tv ad, tv simpsons, why you little"
Which is the only vitamin that the human body can synthesize?,"Which organic compound, vital for human physiological processes, can be produced endogenously, unlike its counterparts that must be acquired through dietary sources, and is sometimes prescribed by medical professionals to address insufficiency caused by limited exposure to celestial illumination?
","Considering the athletic prowess displayed in the initial quartet of disciplines, what final feat, characterized by its focus on upper body strength and explosive power, alongside elements of technique and precision, culminates the male indoor Pentathlon, following the sprint over miniature barriers, the vertical ascent, the horizontal leap, and the two-lap race, leaving behind the 1500m and steeplechase?","In the quadrennial athletic spectacle held in the city that also hosted the Summer Olympics that same year, what individual, competing under the banner of the nation that shares its name with a precious metal and is known for its rugby prowess, secured the gold medal in the 42.195-kilometer race for athletes utilizing wheeled mobility devices in the T54 category, an event previously dominated by the ""Swiss Silver Bullet"" in prior games, despite erroneous claims circulating at the time suggesting a victory by a Scandinavian competitor known for their proficiency in winter sports?","Calciferol, Dvion, List of foods containing Vitamin D, Sunshine vitamin, VITAMIN D, Vitamen d, Vitamin D, Vitamin D Excess, Vitamin D1, Vitamin d, Vitamin-D, calciferol, dvion, list of foods containing vitamin d, sunshine vitamin, vitamen d, vitamin d, vitamin d excess, vitamin d1"
Which type of fruit could be called 'Cambridge Favourite'; Calypso' or 'Royal Sovereign'?,"What kind of produce shares names with a celebrated academic hub in the UK, a nymph whose name is a source of musical inspiration, and a monarch of considerable power?
","Amidst the vibrant tapestry of mid-20th century American popular music, which composition, also interpreted by a solo artist who shared a first name with a celebrated American politician and a quartet whose appellation alluded to hierarchical structure, managed to achieve significant chart success for both? Was it ""Mack the Knife,"" ""Beyond the Sea,"" or ""Reach Out I'll Be There?""","During the reign of the monarch before the current one, a transport system initiated by a family involved in slate quarrying, originating near the Irish Sea in a county known for its lakes and named after an ancient British tribe, stretches a distance equivalent to approximately 12320 yards to a terminal named after a valley and a prominent Norse figure. Which scenic narrow-gauge line, celebrated for its preservation efforts and the enthusiasm of its volunteers, fulfills this description, considering that a similar, though slightly shorter, railway also operates further south in the same coastal region, transporting passengers primarily during the warmer months?","Ananas strawberry, Culture of strawberry, Fragaria ananassa, Fragaria x ananassa, Fragaria xananassa, Fragaria × ananassa, Fragaria ×ananassa, Garden Strawberry, Garden strawberries, Garden strawberry, Gariguette, Pineapple strawberry, Strawbarry, Strawberries, Strawberry, Strawberry juice, Strawberrys, ananas strawberry, culture of strawberry, fragaria ananassa, fragaria x ananassa, fragaria xananassa, fragaria × ananassa, fragaria ×ananassa, garden strawberries, garden strawberry, gariguette, pineapple strawberry, strawbarry, strawberries, strawberry, strawberry juice, strawberrys, ??"
"Founded by Thomas Stemberg in Massachusetts in 1985, it now has over 2,000 stores in 27 countries. Which is the world's largest office supply company?","Established in the Bay State by the progenitor of a Harvard Business School graduate in the mid-1980s, the entity now boasts a global presence exceeding two millennia retail locations across more than two dozen sovereign nations. What commercial enterprise, specializing in the accoutrements of administrative and professional functions, reigns supreme in terms of global scale and market dominance?","Amidst the rolling hills of Yorkshire, which sibling of the author who initially published under the pseudonym Currer Bell penned the tale of a mysterious woman residing in a secluded estate, a story often discussed alongside works like 'Jane Eyre' and 'Agnes Grey', and was it Emily, Charlotte, or Anne?
","During the Qing Dynasty's reign, those officials distinguished by their rank and vibrant silk robes, often depicted in historical dramas alongside the Dragon Throne, shared a name with what feathered entity, prized for its ornamental plumage and sometimes found gracing the imperial gardens, a creature whose classification aligns with the avian world, yet is distinct from the mythical Fenghuang? Further elaborate on how this creature differs from birds belonging to the Galliformes order, considering features beyond mere plumage and social hierarchy, specifically referencing differences in feeding habits and habitat preferences documented by ornithologists of that era.
","Easy button, Office Centre, STAPLES, Sigma Burwell, Staples (Company), Staples (company), Staples Inc, Staples Inc., Staples Incorporated, Staples Snowbot, Staples, Inc, Staples, Inc., That was easy, The Easy Button, Weeping. Weeping., easy button, office centre, sigma burwell, staples, staples company, staples inc, staples incorporated, staples snowbot, that was easy, weeping weeping"
How many squares are there on a chessboard?,"Considering a checkered game board, where its original inventor, a sage of old, proposed it to a king of the realm, and each player commands their respective forces upon its alternating dark and light tiles, what is the cumulative count of all possible square formations discernible within its sixty-four unit area, accounting for formations of all dimension, from the singular unit of each tile to the grand expanse of the entire board itself?
","Amidst whispers of paper companies and their quirky employees, in which commonwealth mirroring a foundational document penned in the late 18th century, does the mockumentary about Dunder Mifflin's antics unfold: the Keystone State, the Old Dominion, or the Bay State?","In the year coinciding with the Beatles' first film and amidst ongoing debates about the nature of fundamental forces, a prominent Caltech physicist, whose sibling happened to author a notable work on butterflies, proposed a theoretical framework suggesting that the most basic constituent of matter, previously conceived as indivisible, actually comprised even smaller components; what term did this individual, whose work was later recognized with a prestigious award named after a Swedish industrialist, coin to describe these ultimate building blocks, a term etymologically linked to the cries of waterfowl and inspired by a passage in James Joyce's *Finnegans Wake*, and how does that term differ from the moniker used by Bjorken and Glashow for similar sub-nuclear particles theorized to exist 6 years prior?","64, sixty four, sixty-four"
Which quantity has direction as well as magnitude?,"What attribute, inherent to the displacement between two points in space traversed by the individual holding the record for the fastest human running speed, and potentially measurable using a device similar in principle to the Richter scale, is also characterized by its intrinsic magnitude or scale?","When considering physical phenomena involving motion, what characteristic, analogous to a traveler's detailed itinerary, comprehensively describes not only the magnitude or extent of the change in position, but also the directional pathway, a property distinct from scalar measurements such as temperature or mass, and is this characteristic more closely associated with displacement than with speed?","Imagine a scenario within the context of physical phenomena observed using terrestrial navigation systems developed in the early 20th century, where a cartographer meticulously describes the properties of a line segment representing a displacement across the vast plains of a nation renowned for its technological advancements. What attribute, beyond the mere extent or magnitude of this displacement, must the cartographer specify to fully and unambiguously characterize this displacement, keeping in mind that the cartographer's sibling, a physicist, consistently emphasizes the crucial role of this attribute in calculations related to motion? Furthermore, the cartographer mistakenly operates under the assumption that only scalar quantities are relevant in calculations of energy.","Vector quantity, vector quantity"